treatment_name,state,year,avg_cost,avg_outcome,n_cases,cost_per_outcome
Angioplasty,ACT,2018,18666.795591516475,0.8758559888335646,14,21312.63110545865
Angioplasty,ACT,2019,16763.967685436102,0.8751540677353111,17,19155.44737033244
Angioplasty,ACT,2020,17054.909621654944,0.8714328871961239,19,19571.110836234235
Angioplasty,ACT,2021,17291.600150326394,0.8781253492554125,19,19691.494118679566
Angioplasty,ACT,2022,16937.73545993627,0.8846886445572553,21,19145.41976337088
Angioplasty,ACT,2023,17598.364181834717,0.8664872282324194,18,20310.00989793502
Angioplasty,ACT,2024,17530.717621736843,0.874734594676224,14,20041.184752988644
Angioplasty,NSW,2018,16261.893590701162,0.8407894226760203,17,19341.22046747884
Angioplasty,NSW,2019,17166.867065577808,0.8596965669069183,20,19968.518808144214
Angioplasty,NSW,2020,16530.851118682538,0.8645058993308088,22,19121.73315587393
Angioplasty,NSW,2021,16858.417228504353,0.85144680353898,24,19799.730480440474
Angioplasty,NSW,2022,17088.984304469417,0.8605043655131532,12,19859.26508842122
Angioplasty,NSW,2023,16831.99872312873,0.8549992758556992,19,19686.564887769
Angioplasty,NSW,2024,17442.432266038722,0.853939493597587,16,20425.840936990724
Angioplasty,NT,2018,16249.733562902731,0.8076563462593601,20,20119.613543759002
Angioplasty,NT,2019,14599.91595444275,0.8073791472553096,19,18083.097642632034
Angioplasty,NT,2020,16255.633680313147,0.8054481556159353,15,20182.09808660159
Angioplasty,NT,2021,15675.566154117349,0.7983926563451219,13,19633.90573490102
Angioplasty,NT,2022,14953.141578063673,0.8135209048369998,18,18380.771150631637
Angioplasty,NT,2023,15555.721646326774,0.8148965579328877,20,19089.197880263833
Angioplasty,NT,2024,15393.750638840556,0.7990789593860544,20,19264.367379498803
Angioplasty,QLD,2018,15745.873478721214,0.8395838986301963,26,18754.377620165214
Angioplasty,QLD,2019,14805.81384859929,0.8205833680338404,18,18043.034291658598
Angioplasty,QLD,2020,15892.483507587078,0.831839513941974,21,19105.227921038237
Angioplasty,QLD,2021,16457.134967013673,0.8400917210497465,20,19589.688309806774
Angioplasty,QLD,2022,15386.524834462823,0.8199063058601598,18,18766.198923572
Angioplasty,QLD,2023,15077.870452382336,0.8302836925698565,20,18159.901955576166
Angioplasty,QLD,2024,16000.810359941122,0.849155207095085,18,18843.210553555986
Angioplasty,SA,2018,15912.905693977982,0.8444077319556579,14,18845.049721564617
Angioplasty,SA,2019,14255.584675640108,0.8456558147406252,11,16857.43115242754
Angioplasty,SA,2020,16503.19506968251,0.8695296679982707,9,18979.45024426163
Angioplasty,SA,2021,16648.75738271823,0.8413880922188638,17,19787.251016130995
Angioplasty,SA,2022,16098.926942103959,0.8340168487436923,14,19302.879751595327
Angioplasty,SA,2023,16592.55727583173,0.8386626428366268,16,19784.5431861736
Angioplasty,SA,2024,15403.262906858099,0.8319431262038566,17,18514.802781222494
Angioplasty,TAS,2018,14503.094583989263,0.8293026894814777,14,17488.300433533306
Angioplasty,TAS,2019,15185.788579850107,0.8123932754500175,22,18692.6566710416
Angioplasty,TAS,2020,15877.849544200788,0.8129972202935016,20,19530.017013426805
Angioplasty,TAS,2021,15636.546602196799,0.8286369900846441,19,18870.201052211713
Angioplasty,TAS,2022,15806.261266817855,0.8280295303559116,15,19089.006716975244
Angioplasty,TAS,2023,15873.639509338227,0.8419436545158651,16,18853.565109966767
Angioplasty,TAS,2024,15244.607960717341,0.8262119965646018,19,18451.20625711631
Angioplasty,VIC,2018,15447.741022219365,0.8465657330821748,13,18247.538753992867
Angioplasty,VIC,2019,15967.214211806422,0.8563379884956934,19,18645.92535460865
Angioplasty,VIC,2020,15582.063021957978,0.8658656498206504,16,17995.93623466359
Angioplasty,VIC,2021,15415.030653098922,0.8733162487961436,18,17651.143757313992
Angioplasty,VIC,2022,14903.599909241086,0.8571200996414224,16,17387.99488598626
Angioplasty,VIC,2023,16467.242925452498,0.8519079829987862,16,19329.837557674302
Angioplasty,VIC,2024,15951.651888431239,0.8633491475724605,17,18476.478413494264
Angioplasty,WA,2018,16103.663998695385,0.8328752856619505,18,19335.024433936178
Angioplasty,WA,2019,17345.85798988064,0.8236327172937564,15,21060.185718307344
Angioplasty,WA,2020,16978.493690717267,0.8274454803884135,17,20519.169048753938
Angioplasty,WA,2021,15543.646356162353,0.8479544342651739,20,18330.756616223454
Angioplasty,WA,2022,17046.371499974917,0.858450942446006,11,19857.129460891803
Angioplasty,WA,2023,16405.018473712178,0.8290926772989553,16,19786.71253876825
Angioplasty,WA,2024,16600.0495084903,0.8500232463763201,15,19528.935919407984
Appendectomy,ACT,2018,10000.16261317425,0.9598926381978236,13,10418.00115474302
Appendectomy,ACT,2019,9754.84429209313,0.9553298288116331,22,10210.970073265176
Appendectomy,ACT,2020,9204.243761854004,0.9544620792179757,21,9643.383390773748
Appendectomy,ACT,2021,10133.301717908324,0.9512256964966654,14,10652.888957088688
Appendectomy,ACT,2022,9877.199935686238,0.9356237785468916,13,10556.807300287326
Appendectomy,ACT,2023,9108.281854588253,0.9503865004683907,17,9583.766025821396
Appendectomy,ACT,2024,9545.232571518218,0.9508956521298093,22,10038.149349130868
Appendectomy,NSW,2018,9921.59339048843,0.9400983722851477,10,10553.782117898449
Appendectomy,NSW,2019,9167.643974201092,0.935833353991798,15,9796.235553153238
Appendectomy,NSW,2020,9582.27172626047,0.9329185702949199,14,10271.284152089784
Appendectomy,NSW,2021,9831.959205943258,0.9404432812086313,14,10454.60093383569
Appendectomy,NSW,2022,9645.820897836058,0.9315393738136217,14,10354.710889296184
Appendectomy,NSW,2023,8951.404177982831,0.9250085126714103,21,9677.104648617033
Appendectomy,NSW,2024,9483.970161559473,0.919572138177948,19,10313.459670875993
Appendectomy,NT,2018,8949.212228595426,0.8707710868358902,15,10277.341960346967
Appendectomy,NT,2019,8540.506466195406,0.8779312495887029,25,9727.990056392797
Appendectomy,NT,2020,8544.675924505913,0.8680391007477691,12,9843.653260717327
Appendectomy,NT,2021,8455.325594292153,0.8826335936092067,21,9579.655312820349
Appendectomy,NT,2022,8657.874876162414,0.8965184269694566,20,9657.219099699976
Appendectomy,NT,2023,8998.30758517236,0.8697441983038796,19,10345.924241541701
Appendectomy,NT,2024,8466.492568989743,0.8786127448228046,22,9636.205050379998
Appendectomy,QLD,2018,8923.074001587001,0.9218136564452613,16,9679.910835771901
Appendectomy,QLD,2019,8664.879691755,0.9232847348881366,15,9384.840195375722
Appendectomy,QLD,2020,9324.703318489159,0.9223773066529362,10,10109.424040717184
Appendectomy,QLD,2021,9703.374182099376,0.9177541877352609,8,10572.955494808868
Appendectomy,QLD,2022,9015.195642675515,0.9186232680067122,23,9813.811555456532
Appendectomy,QLD,2023,9161.905424193163,0.9114072494464889,16,10052.482498638587
Appendectomy,QLD,2024,9013.525516096783,0.9161122617504877,14,9838.887538601362
Appendectomy,SA,2018,8716.71414066561,0.9231150144529385,21,9442.717325783458
Appendectomy,SA,2019,8542.130230739955,0.9066088117783601,24,9422.068393515969
Appendectomy,SA,2020,9417.825220583474,0.9157873656037273,20,10283.855810103723
Appendectomy,SA,2021,9087.209869402448,0.9256201725440566,22,9817.428507879593
Appendectomy,SA,2022,8996.943763384317,0.9236144057165466,16,9741.017147090104
Appendectomy,SA,2023,8769.765203561685,0.9453671471355936,22,9276.570727186314
Appendectomy,SA,2024,8626.03179571571,0.918722239746122,11,9389.161840796856
Appendectomy,TAS,2018,7920.978537614993,0.903776352639374,29,8764.312669260149
Appendectomy,TAS,2019,9193.965753739145,0.9187063438623363,15,10007.513080933744
Appendectomy,TAS,2020,8499.35361817464,0.8873357404795715,23,9578.509272692048
Appendectomy,TAS,2021,9300.321215562824,0.8933770272605691,13,10410.298151589051
Appendectomy,TAS,2022,8594.584955762874,0.8773901916132618,18,9795.624612534095
Appendectomy,TAS,2023,8638.499262342017,0.9145714812145058,23,9445.406334855878
Appendectomy,TAS,2024,8301.206973837909,0.9239922696149759,13,8984.065394071955
Appendectomy,VIC,2018,9147.359093452962,0.9442452746597658,15,9687.481991105515
Appendectomy,VIC,2019,9325.443886851286,0.9217702955905973,16,10116.88479381545
Appendectomy,VIC,2020,9117.957122410593,0.9299923733688995,19,9804.335372537274
Appendectomy,VIC,2021,9500.362725732404,0.9379451235839641,15,10128.911049114207
Appendectomy,VIC,2022,9004.981915072263,0.9274832148085211,18,9709.051087173952
Appendectomy,VIC,2023,9274.33348016091,0.9514313625186496,24,9747.769356277782
Appendectomy,VIC,2024,8530.591119280914,0.9254865762073049,22,9217.41204960503
Appendectomy,WA,2018,10269.762235869235,0.8990085157674143,16,11423.431542361677
Appendectomy,WA,2019,9108.953253835636,0.9185593030102548,18,9916.565238612518
Appendectomy,WA,2020,8950.037649817048,0.928294855481975,14,9641.37374775189
Appendectomy,WA,2021,9038.377503783697,0.9246109031207599,16,9775.330869749898
Appendectomy,WA,2022,9140.069674369108,0.9232461344051515,22,9899.927369052095
Appendectomy,WA,2023,9084.609357887046,0.9086374083847805,12,9998.057832591445
Appendectomy,WA,2024,9482.609285428061,0.9340630544688631,20,10152.001238096462
CABG (Heart Bypass),ACT,2018,42628.31359938772,0.8279297813872827,14,51487.8369611968
CABG (Heart Bypass),ACT,2019,42523.99386646351,0.8340872748532058,18,50982.66710033129
CABG (Heart Bypass),ACT,2020,45099.033305165976,0.8498493956774003,23,53067.088750728966
CABG (Heart Bypass),ACT,2021,45449.11139007728,0.8386680238732239,20,54192.01650276288
CABG (Heart Bypass),ACT,2022,44578.97282272868,0.8439757848607145,24,52820.203639001054
CABG (Heart Bypass),ACT,2023,45928.37172853581,0.8582166679294505,16,53516.0565447225
CABG (Heart Bypass),ACT,2024,45556.13564067429,0.863168438370774,23,52777.80513692237
CABG (Heart Bypass),NSW,2018,44125.14252689168,0.8278403027429952,14,53301.51525685072
CABG (Heart Bypass),NSW,2019,43830.59876351781,0.8320620949326477,20,52677.076663449894
CABG (Heart Bypass),NSW,2020,43996.925357248474,0.8202020669569053,21,53641.56849846141
CABG (Heart Bypass),NSW,2021,43457.37316156861,0.8105009419159357,14,53617.918146819335
CABG (Heart Bypass),NSW,2022,43911.16630136768,0.8209278265689179,15,53489.679458053164
CABG (Heart Bypass),NSW,2023,42815.43112436916,0.8287925587658664,20,51660.00909579173
CABG (Heart Bypass),NSW,2024,44364.760829228326,0.8265578851237823,20,53674.11239756599
CABG (Heart Bypass),NT,2018,40741.38059060599,0.7900033651229145,24,51571.14816120708
CABG (Heart Bypass),NT,2019,39430.0359693729,0.7771624117044116,17,50735.90201422382
CABG (Heart Bypass),NT,2020,39221.940977925755,0.763809102417312,12,51350.44980977013
CABG (Heart Bypass),NT,2021,38203.272757311286,0.773732689630529,15,49375.28589564184
CABG (Heart Bypass),NT,2022,40595.51316352659,0.7659175880828326,10,53002.45587144849
CABG (Heart Bypass),NT,2023,39702.48538814768,0.7713811393811771,20,51469.34940618083
CABG (Heart Bypass),NT,2024,39295.85666850452,0.7713775371007905,19,50942.44358760736
CABG (Heart Bypass),QLD,2018,40542.55157811333,0.7958538588502145,21,50942.206445648124
CABG (Heart Bypass),QLD,2019,41962.06544128589,0.8150100235518116,17,51486.56363564134
CABG (Heart Bypass),QLD,2020,43219.467100369366,0.8033956220363668,19,53795.99529161111
CABG (Heart Bypass),QLD,2021,40093.365032490125,0.8002281239192037,21,50102.419340285785
CABG (Heart Bypass),QLD,2022,39779.13125154472,0.7996341399278529,21,49746.66446224244
CABG (Heart Bypass),QLD,2023,40239.55926689093,0.7963579491532279,24,50529.4877883468
CABG (Heart Bypass),QLD,2024,42443.5465250801,0.7900948472060549,18,53719.55870256539
CABG (Heart Bypass),SA,2018,42512.58232330053,0.8260063731356667,19,51467.62023386723
CABG (Heart Bypass),SA,2019,43246.48955610928,0.7915273846390414,16,54636.75723087065
CABG (Heart Bypass),SA,2020,41905.58051308902,0.796490581705844,29,52612.77593934612
CABG (Heart Bypass),SA,2021,41544.56676373968,0.8157736540938494,20,50926.585524371745
CABG (Heart Bypass),SA,2022,38941.83265306061,0.8181017830647974,13,47600.2295303349
CABG (Heart Bypass),SA,2023,40216.726568292164,0.8197675066734155,13,49058.69803438547
CABG (Heart Bypass),SA,2024,41511.95651515377,0.8191166897503555,20,50678.92894210895
CABG (Heart Bypass),TAS,2018,42405.64915286586,0.8101945478663032,17,52340.08210070498
CABG (Heart Bypass),TAS,2019,41780.43558031474,0.7994693448235307,15,52260.20966387031
CABG (Heart Bypass),TAS,2020,39618.722604461174,0.7824645988188043,21,50633.24611013578
CABG (Heart Bypass),TAS,2021,40479.70665676948,0.8007565883352867,20,50551.82466987099
CABG (Heart Bypass),TAS,2022,43855.52408645822,0.7903480838620499,22,55488.87253848637
CABG (Heart Bypass),TAS,2023,40491.110217069836,0.803796838954418,15,50374.80648684912
CABG (Heart Bypass),TAS,2024,37991.70617742743,0.8060695384219683,19,47132.045520295054
CABG (Heart Bypass),VIC,2018,42705.739604013674,0.8319135476353071,21,51334.34805263556
CABG (Heart Bypass),VIC,2019,39217.016357778295,0.819191545011399,13,47872.828518063616
CABG (Heart Bypass),VIC,2020,42182.44080296315,0.8259926451624509,14,51068.784994649664
CABG (Heart Bypass),VIC,2021,41800.85012450744,0.8287174568163578,15,50440.41220646137
CABG (Heart Bypass),VIC,2022,42639.10831647793,0.8179666458768309,15,52128.17482401172
CABG (Heart Bypass),VIC,2023,42891.850915389296,0.8247872701745275,24,52003.531657700354
CABG (Heart Bypass),VIC,2024,42045.93290134569,0.8267623435489223,17,50856.12961139622
CABG (Heart Bypass),WA,2018,46386.614643961024,0.7970856233270279,19,58195.271983885155
CABG (Heart Bypass),WA,2019,42190.971982390336,0.8132028160973118,16,51882.47156456177
CABG (Heart Bypass),WA,2020,44030.88267118583,0.7979583609577442,16,55179.42392174205
CABG (Heart Bypass),WA,2021,41436.455290474565,0.7906275127319502,13,52409.579255968725
CABG (Heart Bypass),WA,2022,44600.49080337792,0.8055044535631741,17,55369.638995894136
CABG (Heart Bypass),WA,2023,43872.46628797547,0.8206098788958467,15,53463.24412643811
CABG (Heart Bypass),WA,2024,43517.3272549904,0.8202275698647847,21,53055.187186848976
Caesarean Section,ACT,2018,9774.408157029826,0.9109709417521287,17,10729.659651086215
Caesarean Section,ACT,2019,9912.418121311915,0.9244169518229546,19,10722.886573817777
Caesarean Section,ACT,2020,10152.803150031277,0.9274042257761473,24,10947.548941276784
Caesarean Section,ACT,2021,9634.435546022587,0.9252200500558276,15,10413.128796161785
Caesarean Section,ACT,2022,10952.27973485893,0.9382593284430576,19,11672.977185351392
Caesarean Section,ACT,2023,9926.585414022602,0.9191013750724508,24,10800.316138402155
Caesarean Section,ACT,2024,10621.646217893362,0.9251167254194952,19,11481.411940830456
Caesarean Section,NSW,2018,10409.339964611538,0.9036298433706007,32,11519.47342263951
Caesarean Section,NSW,2019,10216.149986945717,0.8964496487917698,17,11396.234022418315
Caesarean Section,NSW,2020,9496.722066114828,0.8986120661590279,17,10568.21116002485
Caesarean Section,NSW,2021,9264.939604407162,0.8991282750583973,20,10304.35796694906
Caesarean Section,NSW,2022,9916.937227840994,0.899715076560924,19,11022.308602127188
Caesarean Section,NSW,2023,9669.735011314742,0.9109502678968501,17,10614.99771402414
Caesarean Section,NSW,2024,10512.523107299663,0.8770453941989,17,11986.293043476822
Caesarean Section,NT,2018,9029.355673475893,0.8611555619080338,19,10485.162115738822
Caesarean Section,NT,2019,9131.339380737012,0.8636877725793629,21,10572.500469083518
Caesarean Section,NT,2020,9571.404984291656,0.8466239050439441,15,11305.38002443346
Caesarean Section,NT,2021,8856.21457891543,0.8671236316001469,23,10213.323978464998
Caesarean Section,NT,2022,9066.63631071813,0.8534189649859034,19,10623.898322751582
Caesarean Section,NT,2023,8941.941990470563,0.8493909396322918,14,10527.47512746204
Caesarean Section,NT,2024,9604.050250819022,0.8550681503476724,11,11231.912037553962
Caesarean Section,QLD,2018,9398.39212805938,0.882201254390758,12,10653.342512587838
Caesarean Section,QLD,2019,9707.956037221282,0.8740494130295661,20,11106.873241379199
Caesarean Section,QLD,2020,9770.9481564795,0.8741677901378053,13,11177.428711871426
Caesarean Section,QLD,2021,9374.476167828365,0.8833491414144249,23,10612.424610293827
Caesarean Section,QLD,2022,9161.31891631072,0.8861097218583277,23,10338.808716710415
Caesarean Section,QLD,2023,9096.871719120114,0.8661055457161696,21,10503.190707084144
Caesarean Section,QLD,2024,9172.131362521186,0.872216281097654,16,10515.891025306677
Caesarean Section,SA,2018,9458.942389236989,0.8844057546028586,18,10695.251970046844
Caesarean Section,SA,2019,8990.729196620625,0.9065769365268084,17,9917.226916300182
Caesarean Section,SA,2020,9926.791283106435,0.8915645543914211,15,11134.125099760644
Caesarean Section,SA,2021,9689.62980625648,0.8719494687919549,11,11112.604747246429
Caesarean Section,SA,2022,9572.172492514355,0.8828633718518721,14,10842.190080256705
Caesarean Section,SA,2023,10030.420296678963,0.8850976743685217,21,11332.557509921407
Caesarean Section,SA,2024,8988.804070582008,0.8960719859813047,16,10031.341467212822
Caesarean Section,TAS,2018,8909.589379107587,0.8760086020174642,26,10170.664258990877
Caesarean Section,TAS,2019,8653.232710803251,0.9110941340205436,10,9497.627509264741
Caesarean Section,TAS,2020,8723.19564104506,0.8817445288196029,20,9893.110028959136
Caesarean Section,TAS,2021,9586.841027466682,0.886142816127889,17,10818.618458543255
Caesarean Section,TAS,2022,9736.554429389234,0.8880549038153737,16,10963.910437922046
Caesarean Section,TAS,2023,8973.728443404854,0.875471140615775,28,10250.170482025318
Caesarean Section,TAS,2024,8789.812543746108,0.8989351696101225,17,9778.027204740849
Caesarean Section,VIC,2018,10196.952846788396,0.9132699875237709,17,11165.321302670078
Caesarean Section,VIC,2019,9224.270841093006,0.9033480555393275,15,10211.203516219253
Caesarean Section,VIC,2020,9640.482712659432,0.9178239509313618,18,10503.629484583347
Caesarean Section,VIC,2021,10410.079757452395,0.9039015105212828,12,11516.829694696351
Caesarean Section,VIC,2022,9429.506057024279,0.9025671157499524,25,10447.429218811283
Caesarean Section,VIC,2023,9523.836661554711,0.9184280464327597,13,10369.714534030156
Caesarean Section,VIC,2024,9792.517160955891,0.9115589655908036,22,10742.604187551511
Caesarean Section,WA,2018,9687.622137806933,0.9055576470934404,24,10697.962928037989
Caesarean Section,WA,2019,9619.37930159732,0.8848751248918422,19,10870.889045245896
Caesarean Section,WA,2020,10141.963544823953,0.8936584226752451,21,11348.814365183393
Caesarean Section,WA,2021,9700.197172259966,0.8794771690840048,21,11029.504247805477
Caesarean Section,WA,2022,10142.67836225596,0.8916210932628494,21,11375.547795913239
Caesarean Section,WA,2023,10048.721959583903,0.8992083830670302,27,11175.075932132224
Caesarean Section,WA,2024,9531.281526306651,0.8726624355037752,18,10922.071511883496
Cataract Surgery,ACT,2018,3738.631030620694,0.973619010180557,16,3839.932244058554
Cataract Surgery,ACT,2019,3836.146079133951,0.9673150817797134,17,3965.7668441145597
Cataract Surgery,ACT,2020,3858.3472663896828,0.9742626039577459,19,3960.2744175091225
Cataract Surgery,ACT,2021,3886.015954166216,0.9751323758068305,18,3985.116329412099
Cataract Surgery,ACT,2022,4077.402674459304,0.9776235950100547,19,4170.728586412001
Cataract Surgery,ACT,2023,3983.869232966026,0.980004743235031,12,4065.15301121414
Cataract Surgery,ACT,2024,3809.9525172102294,0.973741532122633,18,3912.6938633345712
Cataract Surgery,NSW,2018,3676.6478283722477,0.9403870668967897,19,3909.717559711793
Cataract Surgery,NSW,2019,3567.3305461575583,0.9552340708017043,24,3734.5093262466926
Cataract Surgery,NSW,2020,3631.568705420887,0.9542790898284621,13,3805.5624859952504
Cataract Surgery,NSW,2021,3661.2271354040226,0.9525402299634717,20,3843.645675253448
Cataract Surgery,NSW,2022,3604.3257929576284,0.9513954108194745,24,3788.462454168325
Cataract Surgery,NSW,2023,3744.6561534961584,0.956873338190338,17,3913.429295227457
Cataract Surgery,NSW,2024,3695.6718940212104,0.9583620405979761,21,3856.237765547634
Cataract Surgery,NT,2018,3573.4770909534395,0.9385669249760323,12,3807.3759002797733
Cataract Surgery,NT,2019,3539.2299642049366,0.909300071708146,24,3892.257434398298
Cataract Surgery,NT,2020,3462.983907965587,0.9173726092205983,17,3774.8935090919554
Cataract Surgery,NT,2021,3440.6170524214576,0.9164099357502372,17,3754.45193051593
Cataract Surgery,NT,2022,3331.0886735025338,0.9114244444858745,24,3654.8160340175737
Cataract Surgery,NT,2023,3295.04737270036,0.9123206438020935,17,3611.7207202154937
Cataract Surgery,NT,2024,3355.097952689106,0.9145248358079107,19,3668.678882542475
Cataract Surgery,QLD,2018,3230.290675956732,0.9591615643254592,13,3367.827481940927
Cataract Surgery,QLD,2019,3292.887711922412,0.9364296325020081,23,3516.4283547118002
Cataract Surgery,QLD,2020,3325.2865012743873,0.9425806712865776,20,3527.85347988892
Cataract Surgery,QLD,2021,3540.447955689713,0.9422576148301592,15,3757.409757126637
Cataract Surgery,QLD,2022,3258.949495457921,0.9536356808749279,21,3417.3946726363542
Cataract Surgery,QLD,2023,3288.4342712458197,0.9333384473324248,11,3523.303128296596
Cataract Surgery,QLD,2024,3392.1464421810188,0.9381615622601169,19,3615.7380334459963
Cataract Surgery,SA,2018,3439.3247034721603,0.9519619328805045,16,3612.8804993969056
Cataract Surgery,SA,2019,3660.589528457791,0.9534532273442887,15,3839.2963844213455
Cataract Surgery,SA,2020,3817.140055643507,0.9557808914017116,17,3993.739663538822
Cataract Surgery,SA,2021,3584.0187044576887,0.9396406959238566,13,3814.243806175162
Cataract Surgery,SA,2022,3461.0997367264868,0.9584114756983696,13,3611.2878700711226
Cataract Surgery,SA,2023,3388.8690387668885,0.949010170839909,16,3570.9512320269596
Cataract Surgery,SA,2024,3266.656733995596,0.9434970557945705,12,3462.286091867627
Cataract Surgery,TAS,2018,3353.286966748195,0.9357848556232966,24,3583.395207346754
Cataract Surgery,TAS,2019,3340.1644361334193,0.925241366687766,13,3610.0465850232554
Cataract Surgery,TAS,2020,3224.1627576957567,0.9464179958426397,16,3406.700603600775
Cataract Surgery,TAS,2021,3529.412815887465,0.9340218833467667,8,3778.726043592202
Cataract Surgery,TAS,2022,3192.482774673612,0.9139202945149645,12,3493.174179229629
Cataract Surgery,TAS,2023,3299.007469237931,0.934672266996034,12,3529.587413394314
Cataract Surgery,TAS,2024,3565.174014091068,0.9286971225333388,18,3838.8985252434477
Cataract Surgery,VIC,2018,3508.390280596739,0.9460096779669881,16,3708.6198612010053
Cataract Surgery,VIC,2019,3769.5556430649726,0.9411089639964506,17,4005.4401639714797
Cataract Surgery,VIC,2020,3783.305798526662,0.9680498606781873,18,3908.172452890173
Cataract Surgery,VIC,2021,3793.905630161323,0.9648188623511028,17,3932.2465368434105
Cataract Surgery,VIC,2022,3385.3175472528524,0.9585859481144118,12,3531.5743506484187
Cataract Surgery,VIC,2023,3500.331635622641,0.9665742593980443,23,3621.3789076097996
Cataract Surgery,VIC,2024,3572.2498336305225,0.9675085594121386,18,3692.2152252596434
Cataract Surgery,WA,2018,3517.8499918613766,0.9572229373419587,10,3675.0581861628107
Cataract Surgery,WA,2019,3573.100583898733,0.948242491791993,23,3768.129581649807
Cataract Surgery,WA,2020,3671.995479061772,0.9583392049443444,19,3831.623980441271
Cataract Surgery,WA,2021,3840.8386373148965,0.9493889773463214,14,4045.5900889544687
Cataract Surgery,WA,2022,3744.541571306335,0.946020512680112,21,3958.203359352015
Cataract Surgery,WA,2023,3704.2114208709927,0.9483499980426771,20,3905.9539500355418
Cataract Surgery,WA,2024,3673.193545047494,0.9432818737942973,12,3894.057171131979
Chemotherapy Cycle,ACT,2018,5638.628193315253,0.7309810677737517,24,7713.781439631598
Chemotherapy Cycle,ACT,2019,5448.18792789159,0.7462759121773539,19,7300.500845586475
Chemotherapy Cycle,ACT,2020,5321.110723591455,0.7474780021595944,12,7118.752268585615
Chemotherapy Cycle,ACT,2021,5438.985153447144,0.7481339729763252,15,7270.068396719181
Chemotherapy Cycle,ACT,2022,5557.255974660894,0.7378109189607552,18,7532.08692342013
Chemotherapy Cycle,ACT,2023,5397.204456367406,0.7532584583071827,21,7165.142849503056
Chemotherapy Cycle,ACT,2024,5125.738134942476,0.7452657536831319,20,6877.732016546959
Chemotherapy Cycle,NSW,2018,5150.573654075817,0.7299608087699226,16,7055.959158622766
Chemotherapy Cycle,NSW,2019,5189.881923941592,0.7247196218991262,19,7161.227276200301
Chemotherapy Cycle,NSW,2020,5322.190944443535,0.7293253758501463,16,7297.416380500491
Chemotherapy Cycle,NSW,2021,4933.966269658699,0.7132657041074688,14,6917.430967514024
Chemotherapy Cycle,NSW,2022,5070.553107657917,0.7372358458066951,18,6877.789701217848
Chemotherapy Cycle,NSW,2023,5265.489515871179,0.7315397169038359,17,7197.817690824503
Chemotherapy Cycle,NSW,2024,5221.943288168503,0.7278077875942183,16,7174.893395177497
Chemotherapy Cycle,NT,2018,4672.141408433396,0.6779394846591466,19,6891.679145642989
Chemotherapy Cycle,NT,2019,5130.878945444849,0.673981841411665,16,7612.78513779859
Chemotherapy Cycle,NT,2020,4521.363513288777,0.6893826494373444,19,6558.568767257186
Chemotherapy Cycle,NT,2021,4596.6493761112815,0.6634212038338063,16,6928.704342803593
Chemotherapy Cycle,NT,2022,4770.45146402888,0.674955327404477,15,7067.803260955841
Chemotherapy Cycle,NT,2023,4888.74551889696,0.6861309943554682,14,7125.090630090697
Chemotherapy Cycle,NT,2024,5075.472541282573,0.6845598186647842,11,7414.213342498173
Chemotherapy Cycle,QLD,2018,4751.450371733472,0.7159982759186319,21,6636.119850480535
Chemotherapy Cycle,QLD,2019,4710.426572233258,0.7135257124482903,14,6601.621343217714
Chemotherapy Cycle,QLD,2020,4997.656251022849,0.6771925519215583,15,7379.9634045616995
Chemotherapy Cycle,QLD,2021,4939.921878949646,0.7088017811029854,23,6969.398230436867
Chemotherapy Cycle,QLD,2022,5070.758867724776,0.7189453954528041,16,7053.051455362789
Chemotherapy Cycle,QLD,2023,4732.974124881279,0.6936804281445367,15,6822.989279863475
Chemotherapy Cycle,QLD,2024,4736.01601246162,0.710557941880108,16,6665.20734386602
Chemotherapy Cycle,SA,2018,5277.246181719057,0.714329199138017,22,7387.694900456435
Chemotherapy Cycle,SA,2019,5020.511420345244,0.7088237523768095,18,7082.876954264858
Chemotherapy Cycle,SA,2020,4707.5827990437765,0.7135047540530504,15,6597.829618236516
Chemotherapy Cycle,SA,2021,5270.511322294215,0.7161119545476056,10,7359.898530982899
Chemotherapy Cycle,SA,2022,5136.7528589587755,0.6999249698133655,14,7339.0050083918095
Chemotherapy Cycle,SA,2023,5168.411253585759,0.7028504070833452,16,7353.501117020595
Chemotherapy Cycle,SA,2024,5107.254538606355,0.7074991115438948,23,7218.743395255118
Chemotherapy Cycle,TAS,2018,5016.184012742238,0.6938706384531143,16,7229.278391034251
Chemotherapy Cycle,TAS,2019,4963.86414406276,0.7083483894661124,13,7007.659250561806
Chemotherapy Cycle,TAS,2020,5105.601762521354,0.711570187337246,22,7175.120393431511
Chemotherapy Cycle,TAS,2021,4622.912660508674,0.690441713136615,24,6695.587147403356
Chemotherapy Cycle,TAS,2022,5010.4990163896055,0.6968544196889989,21,7190.166087524788
Chemotherapy Cycle,TAS,2023,4315.724344508459,0.6731323610712866,13,6411.405236319357
Chemotherapy Cycle,TAS,2024,4629.168215290146,0.6959354958539287,23,6651.720228194498
Chemotherapy Cycle,VIC,2018,5090.326778072694,0.7321099050531901,17,6952.9543896867035
Chemotherapy Cycle,VIC,2019,5087.831754015916,0.7190315361489766,16,7075.950772987743
Chemotherapy Cycle,VIC,2020,4604.0230537333955,0.719592847123878,17,6398.094522666665
Chemotherapy Cycle,VIC,2021,4680.265270398252,0.7265140054074903,18,6442.085404497006
Chemotherapy Cycle,VIC,2022,5207.440845011803,0.7349568272478024,18,7085.369714180546
Chemotherapy Cycle,VIC,2023,5165.919729974867,0.7360013319665313,18,7018.899974232357
Chemotherapy Cycle,VIC,2024,4861.528088079969,0.7257434733142146,17,6698.686611509001
Chemotherapy Cycle,WA,2018,4899.81245189401,0.698253841056061,17,7017.2366606439
Chemotherapy Cycle,WA,2019,5142.094246579179,0.6978796045822344,21,7368.168109250514
Chemotherapy Cycle,WA,2020,4934.351033042243,0.7009080293165161,14,7039.940800583965
Chemotherapy Cycle,WA,2021,4837.807996887922,0.7048666293480425,21,6863.437415618032
Chemotherapy Cycle,WA,2022,5323.814368832347,0.7193712027323383,13,7400.6498294778385
Chemotherapy Cycle,WA,2023,5100.789731640754,0.716519165037192,16,7118.846194959754
Chemotherapy Cycle,WA,2024,5364.88443775278,0.7135178690645195,17,7518.920927357551
Dialysis Session,ACT,2018,874.8554143873247,0.6603796830956399,25,1324.7763927053209
Dialysis Session,ACT,2019,844.3095639896097,0.6725784765245787,20,1255.33241615524
Dialysis Session,ACT,2020,888.8593616476826,0.6617005406218514,15,1343.2955046588786
Dialysis Session,ACT,2021,851.3931308700196,0.6620008852511993,20,1286.0906228953977
Dialysis Session,ACT,2022,834.2864779330871,0.6611693090307704,9,1261.834853097
Dialysis Session,ACT,2023,810.2604436294207,0.6637924224309495,15,1220.6533492233523
Dialysis Session,ACT,2024,794.3734655335294,0.6586389489082837,19,1206.0833433100643
Dialysis Session,NSW,2018,823.8521598433189,0.6502902884323639,12,1266.89906722943
Dialysis Session,NSW,2019,841.9755508378948,0.6477660041450389,13,1299.8143549524268
Dialysis Session,NSW,2020,833.6015470585608,0.652308614781527,24,1277.9250927687854
Dialysis Session,NSW,2021,888.2460087994779,0.6513578552386133,13,1363.6835752507886
Dialysis Session,NSW,2022,851.3088772094178,0.6601946550219503,17,1289.4816259624417
Dialysis Session,NSW,2023,837.9657828991051,0.6478803464949089,22,1293.395898536783
Dialysis Session,NSW,2024,747.4018925628606,0.6531011405032151,17,1144.3892013218451
Dialysis Session,NT,2018,717.9635328852082,0.6105553174731877,23,1175.9188927492016
Dialysis Session,NT,2019,755.4987082928449,0.6118735680321761,23,1234.7300941967085
Dialysis Session,NT,2020,729.6931663213987,0.6163812848462705,19,1183.834071963085
Dialysis Session,NT,2021,774.2530695834911,0.6171250122730053,13,1254.6130106309402
Dialysis Session,NT,2022,795.7159368091899,0.622334980275338,15,1278.5974788965639
Dialysis Session,NT,2023,753.286700521597,0.602258893804393,13,1250.7689106310752
Dialysis Session,NT,2024,777.8108730611189,0.5882833852627504,15,1322.1703902341524
Dialysis Session,QLD,2018,799.7880507882415,0.6160944405797218,11,1298.1582012583508
Dialysis Session,QLD,2019,802.684588969571,0.6354582295570842,12,1263.1586965661677
Dialysis Session,QLD,2020,808.6611119212944,0.6306697505533585,19,1282.2259371275754
Dialysis Session,QLD,2021,778.988884474947,0.6417217939348654,16,1213.9043614186714
Dialysis Session,QLD,2022,782.2743262851263,0.6427381174433758,19,1217.0965204254335
Dialysis Session,QLD,2023,776.7708001810901,0.634307216674911,24,1224.5971348914877
Dialysis Session,QLD,2024,761.2176720851277,0.6446789540267078,18,1180.7701606055405
Dialysis Session,SA,2018,809.3772110414847,0.6473166553509956,11,1250.3574631531992
Dialysis Session,SA,2019,822.6041903842353,0.6494271581436678,29,1266.6612106823177
Dialysis Session,SA,2020,900.6710371770008,0.6449788408351956,18,1396.4350148459203
Dialysis Session,SA,2021,809.430426346189,0.6507608724468263,31,1243.8215950242577
Dialysis Session,SA,2022,848.206446277656,0.6493012857800653,13,1306.337234891854
Dialysis Session,SA,2023,781.1514583330328,0.6501652793022547,28,1201.4659705780507
Dialysis Session,SA,2024,775.9733563137569,0.6324310015292958,16,1226.9691941687838
Dialysis Session,TAS,2018,737.2934530418024,0.6295465625586856,26,1171.1499941246566
Dialysis Session,TAS,2019,797.0575437491397,0.6300301486472378,17,1265.110162522433
Dialysis Session,TAS,2020,768.3208515974707,0.6431665060869309,27,1194.5908941558343
Dialysis Session,TAS,2021,775.5528331554156,0.625057278295714,15,1240.770822267751
Dialysis Session,TAS,2022,688.8690022610755,0.6318797695917983,12,1090.189994064999
Dialysis Session,TAS,2023,736.4640021204048,0.6299868171525062,25,1169.0149413747538
Dialysis Session,TAS,2024,773.1226241586812,0.634600747451353,20,1218.2819312199865
Dialysis Session,VIC,2018,832.9703307874066,0.6571662267667724,26,1267.5184707613207
Dialysis Session,VIC,2019,834.0023302187308,0.6580323402446083,18,1267.4184522735002
Dialysis Session,VIC,2020,742.1757061001764,0.6486688769485339,13,1144.1518661902155
Dialysis Session,VIC,2021,810.9797849624705,0.6526481406377728,19,1242.5987825077918
Dialysis Session,VIC,2022,826.3938857982758,0.6293548893373083,17,1313.08090204629
Dialysis Session,VIC,2023,830.2716563795971,0.6632068097769858,22,1251.9046007063612
Dialysis Session,VIC,2024,735.1614489091614,0.6479354044257635,17,1134.6215130205803
Dialysis Session,WA,2018,818.7168698914794,0.6317194952366215,23,1296.0133034754845
Dialysis Session,WA,2019,820.209238106627,0.640429944752238,20,1280.7165636577781
Dialysis Session,WA,2020,840.8148441021025,0.6517020096214252,18,1290.1829849972892
Dialysis Session,WA,2021,818.2130551614459,0.651157551948093,17,1256.5515868065518
Dialysis Session,WA,2022,921.1389482673326,0.6452075198328134,13,1427.6630695594165
Dialysis Session,WA,2023,811.6393989359377,0.6416946706004873,14,1264.8373691126637
Dialysis Session,WA,2024,833.6671947531838,0.6434919087191616,21,1295.536406063841
Hernia Repair,ACT,2018,7209.020382800145,0.9372104492732826,21,7691.997446667452
Hernia Repair,ACT,2019,7487.118929864498,0.9353379510865899,24,8004.720562409179
Hernia Repair,ACT,2020,7351.091495466631,0.938360480939768,20,7833.973877613125
Hernia Repair,ACT,2021,7479.768206915306,0.9335625107351158,25,8012.070023061988
Hernia Repair,ACT,2022,7461.024053378242,0.9376906672260361,14,7956.807414379135
Hernia Repair,ACT,2023,7606.087091796286,0.9416534827791843,17,8077.373716441611
Hernia Repair,ACT,2024,7533.206237395355,0.9294507930873132,12,8105.0081332145155
Hernia Repair,NSW,2018,7943.01166898714,0.9021463462645093,19,8804.571122940899
Hernia Repair,NSW,2019,7249.942586468962,0.9132297428369924,21,7938.793762834162
Hernia Repair,NSW,2020,7121.890184207001,0.9096288964341278,16,7829.445845581427
Hernia Repair,NSW,2021,6857.8037192456195,0.9169985043364002,21,7478.5331566144405
Hernia Repair,NSW,2022,7406.6972418163095,0.9302693620811033,18,7961.884529064577
Hernia Repair,NSW,2023,7123.5612562171,0.9081975545415308,23,7843.625233953818
Hernia Repair,NSW,2024,6976.704002532283,0.9047828853809408,23,7710.915088314122
Hernia Repair,NT,2018,6495.721521358555,0.869583678648039,10,7469.921159810172
Hernia Repair,NT,2019,7216.005362325815,0.8705850892731353,15,8288.684760671204
Hernia Repair,NT,2020,6580.618207428735,0.8555855966336963,24,7691.361604636864
Hernia Repair,NT,2021,6832.148705091489,0.860661579552709,20,7938.252232244638
Hernia Repair,NT,2022,6639.040989610544,0.8752300227009849,21,7585.481321952683
Hernia Repair,NT,2023,6666.16247083479,0.878108721414176,17,7591.500127796331
Hernia Repair,NT,2024,6286.000570573997,0.8629826854675816,21,7284.0401973628395
Hernia Repair,QLD,2018,6624.232748424441,0.8882530105252255,17,7457.596731935105
Hernia Repair,QLD,2019,6935.544517868938,0.892426311231923,14,7771.559881840524
Hernia Repair,QLD,2020,7270.676083921324,0.9018332156627475,22,8062.107225201483
Hernia Repair,QLD,2021,6807.688189596031,0.9098854030315037,23,7481.918235982871
Hernia Repair,QLD,2022,6959.714787229632,0.8713555237988201,17,7987.227483091622
Hernia Repair,QLD,2023,6970.84701539416,0.8989211796144136,16,7754.681025965212
Hernia Repair,QLD,2024,6926.943092386256,0.8950755291382245,19,7738.94812994775
Hernia Repair,SA,2018,7578.90977204,0.9030600449880709,11,8392.476019842195
Hernia Repair,SA,2019,6978.256885856543,0.8982719007275368,17,7768.5352065500965
Hernia Repair,SA,2020,7090.981735820977,0.898762063740552,12,7889.720785842991
Hernia Repair,SA,2021,6651.601988961775,0.9041894960927903,18,7356.424751343461
Hernia Repair,SA,2022,6734.685837001231,0.9065379990672396,23,7429.016592719471
Hernia Repair,SA,2023,6679.799700225348,0.8906890485375184,23,7499.586652820482
Hernia Repair,SA,2024,7217.218607373178,0.9008516280610184,17,8011.550828750155
Hernia Repair,TAS,2018,6649.125887473351,0.8789060832296065,21,7565.229111898552
Hernia Repair,TAS,2019,6585.591539307105,0.9044412880264621,9,7281.391978109722
Hernia Repair,TAS,2020,6537.049837078443,0.8913257180991779,20,7334.075191972711
Hernia Repair,TAS,2021,6721.505583315565,0.8697558617972887,18,7728.037117710309
Hernia Repair,TAS,2022,6756.5089294483,0.8946234039367625,14,7552.34984879279
Hernia Repair,TAS,2023,6779.299066161125,0.9013762966560078,19,7521.0531842377795
Hernia Repair,TAS,2024,6822.756720325356,0.8874151557630042,17,7688.348205478994
Hernia Repair,VIC,2018,6689.019074831305,0.9158934659298237,15,7303.27196737947
Hernia Repair,VIC,2019,6820.181648064728,0.9058060877120172,22,7529.405841477483
Hernia Repair,VIC,2020,7174.90523063381,0.9073831709013974,28,7907.249617056746
Hernia Repair,VIC,2021,6799.041267920145,0.9200299109366376,22,7390.021984174811
Hernia Repair,VIC,2022,7360.5863150824025,0.913828846564904,20,8054.666191323412
Hernia Repair,VIC,2023,7219.377161866912,0.913246003703862,18,7905.183414531466
Hernia Repair,VIC,2024,7544.633663231276,0.919258275036821,18,8207.305681234226
Hernia Repair,WA,2018,7258.439955144306,0.8977739707718768,22,8084.930273600755
Hernia Repair,WA,2019,7280.264210342525,0.8974221424012925,15,8112.418745165162
Hernia Repair,WA,2020,7241.741561063176,0.8937170902945991,19,8102.946267566681
Hernia Repair,WA,2021,7418.662618598786,0.907797070221165,20,8172.159684092603
Hernia Repair,WA,2022,7267.081160034507,0.9084110119313564,19,7999.772200673895
Hernia Repair,WA,2023,7247.608805595727,0.9121805536353346,21,7945.366492095958
Hernia Repair,WA,2024,6994.884724711708,0.8936988168702005,16,7826.892676448105
Hip Replacement,ACT,2018,25538.125480297946,0.9000120104941379,10,28375.316309697497
Hip Replacement,ACT,2019,25202.84662943441,0.89115734792801,14,28281.02880824853
Hip Replacement,ACT,2020,24767.68247763996,0.9006153541317814,16,27500.844132861475
Hip Replacement,ACT,2021,23244.141404105645,0.9110238373526831,21,25514.306488016933
Hip Replacement,ACT,2022,24878.444577984097,0.8899589892864314,14,27954.59664712373
Hip Replacement,ACT,2023,24246.39581991218,0.9208047728361713,15,26331.74429062834
Hip Replacement,ACT,2024,24369.68080187887,0.887919350281177,15,27445.82691452972
Hip Replacement,NSW,2018,23436.6587674814,0.8718304503038101,16,26882.129156322007
Hip Replacement,NSW,2019,24686.797455613152,0.8865959706441887,16,27844.472874917374
Hip Replacement,NSW,2020,24119.691548187475,0.8753316613878189,21,27554.91730979574
Hip Replacement,NSW,2021,22872.876518900088,0.9081131046146911,14,25187.25520275909
Hip Replacement,NSW,2022,25236.280498865824,0.8875301481372438,14,28434.279727659905
Hip Replacement,NSW,2023,23151.624616653055,0.873551985250661,18,26502.858453249144
Hip Replacement,NSW,2024,24424.180163613863,0.8777686758189909,17,27825.303905753066
Hip Replacement,NT,2018,20946.004867530355,0.8359711052073702,15,25055.89575651004
Hip Replacement,NT,2019,21027.242018118926,0.8570237667778814,18,24535.191243498673
Hip Replacement,NT,2020,22172.034517537133,0.8472012327373063,23,26170.918620950673
Hip Replacement,NT,2021,21349.87960313271,0.831047301137577,21,25690.330230190248
Hip Replacement,NT,2022,22241.189679696417,0.8560550613290926,17,25981.027020814792
Hip Replacement,NT,2023,21717.28391734991,0.8278934691095403,14,26231.978784309566
Hip Replacement,NT,2024,21203.83773960642,0.8354680841987597,21,25379.590364533877
Hip Replacement,QLD,2018,21563.16157544682,0.8492658257738469,16,25390.355906289493
Hip Replacement,QLD,2019,22016.539847913857,0.8590645710883037,18,25628.504059971023
Hip Replacement,QLD,2020,23163.316265254325,0.850702536924468,15,27228.45561151882
Hip Replacement,QLD,2021,23239.100686941856,0.8610785127198783,10,26988.364410042923
Hip Replacement,QLD,2022,22684.43335994082,0.8781059896403824,20,25833.365934824054
Hip Replacement,QLD,2023,23035.4772663271,0.8711516271305176,19,26442.557815341002
Hip Replacement,QLD,2024,22581.31038988475,0.8570549081080923,16,26347.565571652714
Hip Replacement,SA,2018,24695.766406908417,0.8842957426681276,16,27927.044330661935
Hip Replacement,SA,2019,23504.69095244589,0.8650547224735567,26,27171.334184773943
Hip Replacement,SA,2020,21892.025358781062,0.8697168532364143,19,25171.439736180637
Hip Replacement,SA,2021,23551.968371987252,0.8656974514276479,9,27205.7730251452
Hip Replacement,SA,2022,23900.361870051707,0.8793256147991365,22,27180.33168578996
Hip Replacement,SA,2023,23403.302806423824,0.8734335864999421,13,26794.599117955233
Hip Replacement,SA,2024,23396.047627942888,0.876406148674299,13,26695.43985209718
Hip Replacement,TAS,2018,22120.209328891808,0.8464028917967146,18,26134.37352740584
Hip Replacement,TAS,2019,21915.53604743478,0.8578025473057552,24,25548.462307868624
Hip Replacement,TAS,2020,22526.29662986565,0.8539189404221842,23,26379.900437304357
Hip Replacement,TAS,2021,23192.937769333486,0.8643642926765448,11,26832.36450862108
Hip Replacement,TAS,2022,20779.518305563728,0.853769740145021,18,24338.550932988237
Hip Replacement,TAS,2023,21038.61120828024,0.8746974233598908,4,24052.44447556122
Hip Replacement,TAS,2024,21330.850224797683,0.8528308039947555,15,25011.819606986028
Hip Replacement,VIC,2018,22295.67670990615,0.8810080867202063,17,25307.005742600966
Hip Replacement,VIC,2019,22885.997343073428,0.8841664534661265,22,25884.26336845884
Hip Replacement,VIC,2020,22183.11044399058,0.8867803819953656,21,25015.337387229785
Hip Replacement,VIC,2021,23170.960371414898,0.8737345203705736,22,26519.45165401899
Hip Replacement,VIC,2022,22764.712388575557,0.9112635549687288,13,24981.480126632254
Hip Replacement,VIC,2023,22940.240897398227,0.863070975123362,14,26579.78492918186
Hip Replacement,VIC,2024,22696.016936211632,0.8947032183638746,13,25367.089857702056
Hip Replacement,WA,2018,23256.99071292959,0.8791435645931905,19,26454.14429404529
Hip Replacement,WA,2019,23025.79611466862,0.8664518616974373,14,26574.812903696165
Hip Replacement,WA,2020,23225.175723247026,0.87376009574293,16,26580.723743740447
Hip Replacement,WA,2021,22858.311221593638,0.8607703901916445,17,26555.64304030532
Hip Replacement,WA,2022,22807.96669766766,0.8856191867658467,15,25753.695311140513
Hip Replacement,WA,2023,23328.834318639387,0.8722119527977394,22,26746.749163215376
Hip Replacement,WA,2024,21774.601874542554,0.8826900186823298,17,24668.458251116794
Knee Replacement,ACT,2018,23248.29574017527,0.8640228786591395,14,26907.03720282714
Knee Replacement,ACT,2019,24220.533388328913,0.8786225253535951,19,27566.48354602739
Knee Replacement,ACT,2020,24529.101476747615,0.9029646359784602,19,27165.07435550637
Knee Replacement,ACT,2021,23979.312415939035,0.8918997312090492,13,26885.659426573602
Knee Replacement,ACT,2022,22999.460871457308,0.9024141241821765,12,25486.59230295275
Knee Replacement,ACT,2023,24158.899310438836,0.8877465615825525,15,27213.734590389933
Knee Replacement,ACT,2024,23137.497560640793,0.8929165233279616,20,25912.273942927768
Knee Replacement,NSW,2018,24778.76234680606,0.8777429810168904,11,28230.088855964594
Knee Replacement,NSW,2019,22384.276953883003,0.8564046176060972,15,26137.501472672626
Knee Replacement,NSW,2020,23232.935807638292,0.84840327603374,19,27384.30704352248
Knee Replacement,NSW,2021,22738.3222305803,0.8620307879104918,23,26377.62194746728
Knee Replacement,NSW,2022,22261.753528977504,0.8582414712654712,21,25938.79959698603
Knee Replacement,NSW,2023,22449.776767255946,0.8558599102002562,17,26230.667542312025
Knee Replacement,NSW,2024,23011.929757961687,0.8462220614895142,22,27193.72467961453
Knee Replacement,NT,2018,21593.12950252127,0.8198720740294853,22,26337.19355313072
Knee Replacement,NT,2019,21661.746661547342,0.8126537062015918,18,26655.568658876942
Knee Replacement,NT,2020,21467.052494829448,0.813234850851836,23,26397.113296784362
Knee Replacement,NT,2021,21237.684233220865,0.8067863900076501,23,26323.80081798292
Knee Replacement,NT,2022,19944.818115709957,0.8006492395784944,19,24910.806292915484
Knee Replacement,NT,2023,20680.01744576615,0.7929010325052671,15,26081.461113028345
Knee Replacement,NT,2024,20134.134930718825,0.8065267550095209,21,24964.001263022135
Knee Replacement,QLD,2018,21160.34869473599,0.838430297115306,20,25238.05350014193
Knee Replacement,QLD,2019,21073.34966200301,0.8397999187829579,19,25093.298047161767
Knee Replacement,QLD,2020,21652.952949052436,0.8402161926139818,22,25770.692280624007
Knee Replacement,QLD,2021,22330.989545988872,0.8447148767045956,16,26436.126747413993
Knee Replacement,QLD,2022,20802.077904649665,0.8451572624131946,15,24613.262915416562
Knee Replacement,QLD,2023,22137.119555236623,0.8289653190151367,17,26704.51832838667
Knee Replacement,QLD,2024,21818.02062701692,0.830571815839376,12,26268.674437222053
Knee Replacement,SA,2018,21413.754862886584,0.8520081347880076,25,25133.275127959485
Knee Replacement,SA,2019,21792.903136546385,0.8503772184397232,17,25627.336509004937
Knee Replacement,SA,2020,22138.148921015367,0.8503504487171558,30,26034.147397009223
Knee Replacement,SA,2021,23022.045282849132,0.848258024323734,19,27140.380194108096
Knee Replacement,SA,2022,20154.621361408656,0.8722376349582559,12,23106.80089190743
Knee Replacement,SA,2023,22628.868002904877,0.8393693981680939,20,26959.367415933804
Knee Replacement,SA,2024,20474.158791046888,0.8463662611806425,13,24190.660391502806
Knee Replacement,TAS,2018,21320.318998385323,0.8323390590949981,23,25614.94473366046
Knee Replacement,TAS,2019,21231.67293242868,0.8263788560654601,18,25692.420342791116
Knee Replacement,TAS,2020,21456.116161622238,0.8338463083308081,23,25731.499854659127
Knee Replacement,TAS,2021,20599.223466639723,0.827322749061937,18,24898.654714857326
Knee Replacement,TAS,2022,22108.593549950783,0.812689132951564,20,27204.244099654337
Knee Replacement,TAS,2023,20259.99148683051,0.8308400664078268,14,24384.947604206744
Knee Replacement,TAS,2024,20907.277135466204,0.8478670885078773,7,24658.67282602037
Knee Replacement,VIC,2018,22780.190263905457,0.8571385835407507,18,26577.0211507722
Knee Replacement,VIC,2019,22450.120928823675,0.8730367984720888,15,25714.976697561746
Knee Replacement,VIC,2020,21855.94646035355,0.883574244603067,17,24735.834700763622
Knee Replacement,VIC,2021,22835.316867767702,0.8625235716704408,18,26475.006153794468
Knee Replacement,VIC,2022,21627.310780804815,0.8775340864589893,20,24645.550656698673
Knee Replacement,VIC,2023,22449.302136035854,0.8552065021576052,15,26250.15371071009
Knee Replacement,VIC,2024,21972.14831902321,0.8636555531027188,24,25440.869615308264
Knee Replacement,WA,2018,21882.463821240475,0.8583658351446563,20,25493.167278206885
Knee Replacement,WA,2019,23057.875031440108,0.8435552085809159,13,27334.16236055205
Knee Replacement,WA,2020,22302.609727996118,0.8515009735022068,21,26192.113012232883
Knee Replacement,WA,2021,22777.280660443095,0.8517195739174843,19,26742.699543323855
Knee Replacement,WA,2022,21181.074760915817,0.8674204923100872,17,24418.462497360466
Knee Replacement,WA,2023,23182.79027602843,0.8552458253639758,16,27106.581041962167
Knee Replacement,WA,2024,22893.42042434006,0.8526090536945304,27,26851.017268862157
Spinal Fusion,ACT,2018,41315.51301933181,0.8160028912147381,17,50631.57675560157
Spinal Fusion,ACT,2019,40304.77811467698,0.7985559038180751,21,50472.0808173489
Spinal Fusion,ACT,2020,40428.24479872995,0.8093686392360577,23,49950.34751641617
Spinal Fusion,ACT,2021,43942.5197955574,0.8001133570645588,17,54920.367729858815
Spinal Fusion,ACT,2022,39304.863213682314,0.8165972232270412,16,48132.496775285086
Spinal Fusion,ACT,2023,41734.41994903179,0.811482196559097,18,51429.865160316476
Spinal Fusion,ACT,2024,39419.19311159622,0.803595624916072,24,49053.51882137635
Spinal Fusion,NSW,2018,37345.130281274316,0.7997081115075405,15,46698.45127727229
Spinal Fusion,NSW,2019,39937.09596838604,0.7836142065064805,11,50965.252590856086
Spinal Fusion,NSW,2020,39579.364335564045,0.7981959982184978,19,49586.0220095085
Spinal Fusion,NSW,2021,39433.55379310369,0.7800892500778637,18,50550.05409851203
Spinal Fusion,NSW,2022,38033.66714811782,0.7938173979389918,16,47912.362776207214
Spinal Fusion,NSW,2023,39632.58171052642,0.7660729044249487,19,51734.738928374645
Spinal Fusion,NSW,2024,41566.741619022374,0.7628128051926777,17,54491.4051469326
Spinal Fusion,NT,2018,36940.23344544773,0.7571116050529855,19,48791.00148367494
Spinal Fusion,NT,2019,36259.97438147435,0.7417027046124111,23,48887.47763219037
Spinal Fusion,NT,2020,34181.391085271905,0.7466949293831746,13,45776.91603384567
Spinal Fusion,NT,2021,37205.75963528033,0.7475742701073907,15,49768.64657197958
Spinal Fusion,NT,2022,34224.27660585289,0.734299941050276,24,46608.033982546134
Spinal Fusion,NT,2023,36287.14622440408,0.7561422449610778,16,47989.841152535984
Spinal Fusion,NT,2024,38510.6605636246,0.7275191698735705,23,52934.22106020526
Spinal Fusion,QLD,2018,37034.78748045848,0.7454049409091171,19,49684.11858833374
Spinal Fusion,QLD,2019,40723.57533319137,0.765976842414714,21,53165.543758231375
Spinal Fusion,QLD,2020,37957.61281389563,0.7510013311077072,13,50542.670487559786
Spinal Fusion,QLD,2021,37362.62210592335,0.7775613299089729,18,48051.02911984743
Spinal Fusion,QLD,2022,35727.53574168638,0.7653011955273022,19,46684.28058193435
Spinal Fusion,QLD,2023,36349.687791254946,0.7500687990870162,24,48461.80488443166
Spinal Fusion,QLD,2024,38958.043341399076,0.7764732543683037,20,50173.06535959595
Spinal Fusion,SA,2018,36242.98042782278,0.7803123404701217,20,46446.76054461365
Spinal Fusion,SA,2019,37840.31234418631,0.7629352016367189,28,49598.330583000745
Spinal Fusion,SA,2020,37448.28841964885,0.7610933063214034,22,49203.28179030753
Spinal Fusion,SA,2021,40199.7108853557,0.7806413867504596,31,51495.746405008336
Spinal Fusion,SA,2022,38470.63572917142,0.7683976044399246,18,50066.05370303333
Spinal Fusion,SA,2023,37225.63781510424,0.7536999604219898,20,49390.52642945866
Spinal Fusion,SA,2024,35488.47702900419,0.7800363113683946,22,45495.92949942011
Spinal Fusion,TAS,2018,38468.36482680593,0.7582205477555668,13,50735.05979319261
Spinal Fusion,TAS,2019,35146.5904159356,0.7492869367046125,20,46906.71716567141
Spinal Fusion,TAS,2020,37289.349874183565,0.7473770605575203,21,49893.623770532715
Spinal Fusion,TAS,2021,34823.26941471036,0.7623307702242473,17,45679.999778136655
Spinal Fusion,TAS,2022,35743.81781026535,0.7707246956611724,16,46376.89438457947
Spinal Fusion,TAS,2023,37064.124750173185,0.756517751811005,18,48993.06680041082
Spinal Fusion,TAS,2024,37505.93524015585,0.7593053381324518,20,49395.06329878242
Spinal Fusion,VIC,2018,39523.11088776722,0.7860999258143123,19,50277.46421274072
Spinal Fusion,VIC,2019,39133.80623226646,0.7847118806604967,20,49870.28640286076
Spinal Fusion,VIC,2020,39557.749287767,0.7948066306304712,17,49770.2809252966
Spinal Fusion,VIC,2021,37825.2770448074,0.799541308355876,20,47308.72145003841
Spinal Fusion,VIC,2022,36785.163519576636,0.7864043067974565,23,46776.40140270861
Spinal Fusion,VIC,2023,37766.6010706465,0.7758084280578871,23,48680.31811047629
Spinal Fusion,VIC,2024,38324.30782117214,0.7853528283546798,9,48798.84102723849
Spinal Fusion,WA,2018,39104.85904266276,0.7709920071393647,15,50720.18734377639
Spinal Fusion,WA,2019,38730.57333068531,0.7621322985957696,11,50818.70090277826
Spinal Fusion,WA,2020,35951.01875222746,0.7816750282232929,14,45992.282539640895
Spinal Fusion,WA,2021,38399.034022162996,0.7736139078912951,24,49635.91480255376
Spinal Fusion,WA,2022,38054.22973872998,0.7702307138554061,19,49406.274060727505
Spinal Fusion,WA,2023,41718.44892592192,0.7675453524606126,19,54353.07345967253
Spinal Fusion,WA,2024,38510.670781941306,0.7648724462285272,22,50349.14118273147
Tonsillectomy,ACT,2018,4400.060085742991,0.9498914829633027,17,4632.171321313952
Tonsillectomy,ACT,2019,5129.330809303634,0.9593666428821793,13,5346.580316669997
Tonsillectomy,ACT,2020,4444.266685781581,0.9580227332743271,18,4638.9991922133
Tonsillectomy,ACT,2021,4956.507683248783,0.9572711901177187,20,5177.7466348269245
Tonsillectomy,ACT,2022,4908.21928352578,0.9749411687299633,19,5034.374833016459
Tonsillectomy,ACT,2023,4799.886960981431,0.9670935439966255,16,4963.208565270062
Tonsillectomy,ACT,2024,4758.603734741239,0.9586559332868544,21,4963.828595339579
Tonsillectomy,NSW,2018,4641.260419737942,0.9384290723295001,20,4945.776464721788
Tonsillectomy,NSW,2019,4757.169349526148,0.9486114454812127,18,5014.876609582679
Tonsillectomy,NSW,2020,4774.362911501112,0.9357434279935107,24,5102.213671688455
Tonsillectomy,NSW,2021,4951.5874794690135,0.9343724614501787,19,5299.372235119148
Tonsillectomy,NSW,2022,4914.950029266716,0.9419810906481064,20,5217.673770802669
Tonsillectomy,NSW,2023,4735.532091904322,0.9379511692447698,17,5048.804508359782
Tonsillectomy,NSW,2024,4685.1144481496585,0.9493868511291941,10,4934.884491582347
Tonsillectomy,NT,2018,4217.255346891006,0.8682991666009497,14,4856.915115328171
Tonsillectomy,NT,2019,4199.9890053809,0.8892446090842125,13,4723.097517235728
Tonsillectomy,NT,2020,4174.292568159162,0.8742840047716551,17,4774.526979078613
Tonsillectomy,NT,2021,4255.670334174702,0.8882159802848549,16,4791.256213167758
Tonsillectomy,NT,2022,4037.967386756354,0.8970330137192393,16,4501.470207896038
Tonsillectomy,NT,2023,4269.066077636853,0.888970763941277,11,4802.257004167188
Tonsillectomy,NT,2024,4115.316669483847,0.9014099772843949,23,4565.421698439294
Tonsillectomy,QLD,2018,4453.294611461999,0.920966782598218,16,4835.456278779599
Tonsillectomy,QLD,2019,4417.967818117953,0.9391214756129282,17,4704.362463050392
Tonsillectomy,QLD,2020,4623.772828357563,0.9242437628983865,19,5002.763355262059
Tonsillectomy,QLD,2021,4611.508498045978,0.9202013764623993,20,5011.412301701127
Tonsillectomy,QLD,2022,4408.713043368636,0.916368641402643,22,4811.069305711317
Tonsillectomy,QLD,2023,4461.148055661814,0.9199592230030514,19,4849.288907718269
Tonsillectomy,QLD,2024,4483.112030041829,0.9230896237653194,17,4856.637876347299
Tonsillectomy,SA,2018,4471.895865901294,0.9162601860194901,19,4880.596073183705
Tonsillectomy,SA,2019,4429.754645372234,0.9287698347140223,19,4769.4859154595615
Tonsillectomy,SA,2020,4465.291292847753,0.9343439433524244,12,4779.065915305551
Tonsillectomy,SA,2021,4467.122784407809,0.9322111797995435,21,4791.964397346522
Tonsillectomy,SA,2022,4196.692867987045,0.9496077896409182,15,4419.396000925783
Tonsillectomy,SA,2023,4438.25904219199,0.9435230582728933,16,4703.922181102988
Tonsillectomy,SA,2024,4251.2331299715115,0.9324201896807676,20,4559.353365596904
Tonsillectomy,TAS,2018,4100.8806301394,0.9036247161362484,17,4538.256376689313
Tonsillectomy,TAS,2019,4268.081739825899,0.9155961266950072,13,4661.53319721025
Tonsillectomy,TAS,2020,4262.77710765328,0.9291236534608054,14,4587.954565331818
Tonsillectomy,TAS,2021,4241.516825470704,0.9113609730543966,16,4654.047025138018
Tonsillectomy,TAS,2022,4507.028897554067,0.905436526764458,17,4977.74141458569
Tonsillectomy,TAS,2023,4417.143505642947,0.9278064904597051,23,4760.845662390616
Tonsillectomy,TAS,2024,4471.054166639334,0.9162646120226857,22,4879.653877245491
Tonsillectomy,VIC,2018,4551.235364754425,0.9341383099198233,16,4872.12152250244
Tonsillectomy,VIC,2019,4643.492783672689,0.9470070544737214,18,4903.33494532753
Tonsillectomy,VIC,2020,4709.862361142591,0.9438717116709725,7,4989.939101792276
Tonsillectomy,VIC,2021,4390.125584217778,0.9538299931632901,19,4602.628996450749
Tonsillectomy,VIC,2022,4802.406805563364,0.9462438766931909,20,5075.231580199162
Tonsillectomy,VIC,2023,4392.082596871993,0.9536022529674614,21,4605.780432255186
Tonsillectomy,VIC,2024,4155.111585138773,0.9538244958600107,17,4356.264284649493
Tonsillectomy,WA,2018,4498.437816536205,0.9247276510238346,23,4864.60831095042
Tonsillectomy,WA,2019,4405.9050079235585,0.9249980162730356,20,4763.150764015313
Tonsillectomy,WA,2020,4872.379872982239,0.928076988010788,15,5249.973801662241
Tonsillectomy,WA,2021,4458.143585213827,0.91716926875025,15,4860.764241794284
Tonsillectomy,WA,2022,4851.141376966843,0.911297822710757,14,5323.332566006338
Tonsillectomy,WA,2023,4387.375499797335,0.9230530160115036,23,4753.113227185054
Tonsillectomy,WA,2024,4660.309319765354,0.9297633417252787,19,5012.360791852295
