Period,Year,Age group,Actual Price,Inflation Adjusted Price
1984-02,1984,0-15,2.9979547773,11.266869647
1984-02,1984,65+,2.6083238316,9.8025643451
1984-02,1984,Total,3.1023685073,11.659275795
1984-02,1984,16-64,3.2049656315,12.044854802
1984-03,1984,0-15,2.9054091746,10.919066121
1984-03,1984,16-64,3.0931863357,11.624767492
1984-03,1984,Total,2.9984685337,11.268800439
1984-03,1984,65+,2.5359724676,9.5306545109
1984-04,1984,Total,3.0079585313,11.304465609
1984-04,1984,65+,2.4746101044,9.3000433781
1984-04,1984,16-64,3.106807317,11.675957664
1984-04,1984,0-15,2.9453908779,11.069324772
1984-05,1984,16-64,3.0922767465,11.621349088
1984-05,1984,65+,2.4760970881,9.3056317381
1984-05,1984,Total,2.9913975411,11.242226338
1984-05,1984,0-15,2.905012975,10.91757713
1984-06,1984,Total,2.8230839912,10.609672825
1984-06,1984,65+,2.3564409946,8.8559419635
1984-06,1984,0-15,2.7538584276,10.349510328
1984-06,1984,16-64,2.9101084762,10.936726968
1984-07,1984,65+,2.3357579201,8.7782111366
1984-07,1984,0-15,2.652009569,9.9667434424
1984-07,1984,16-64,2.8115168748,10.566201458
1984-07,1984,Total,2.728952107,10.255907759
1984-08,1984,65+,2.2997128963,8.6427472571
1984-08,1984,16-64,2.7931794599,10.497286054
1984-08,1984,Total,2.7122269665,10.193051582
1984-08,1984,0-15,2.6463644074,9.9455278787
1984-09,1984,16-64,2.8184641169,10.592310482
1984-09,1984,Total,2.7378022688,10.289168308
1984-09,1984,65+,2.2921706332,8.6144020346
1984-09,1984,0-15,2.6760855676,10.057225507
1984-10,1984,0-15,2.632060053,9.8917694642
1984-10,1984,16-64,2.8039258982,10.537673161
1984-10,1984,65+,2.2787408281,8.5639303382
1984-10,1984,Total,2.7153187065,10.204670914
1984-11,1984,Total,2.8325537966,10.645262109
1984-11,1984,65+,2.3849262654,8.9629948905
1984-11,1984,16-64,2.9183358469,10.967646951
1984-11,1984,0-15,2.7587859344,10.368028812
1984-12,1984,16-64,2.9884320573,11.231081501
1984-12,1984,0-15,2.8537730541,10.725008011
1984-12,1984,Total,2.9060031015,10.921298208
1984-12,1984,65+,2.4369202824,9.158398042
1985-01,1985,0-15,2.8528181829,10.143302783
1985-01,1985,16-64,3.0366877082,10.797057825
1985-01,1985,65+,2.4271314885,8.6297576659
1985-01,1985,Total,2.9409871539,10.45679089
1985-02,1985,16-64,3.0402999045,10.809901125
1985-02,1985,0-15,2.8542225665,10.148296123
1985-02,1985,Total,2.9448416646,10.470495748
1985-02,1985,65+,2.429164191,8.6369850164
1985-03,1985,0-15,2.9061542001,10.332941007
1985-03,1985,16-64,3.0699280453,10.915245098
1985-03,1985,Total,2.9758277147,10.580667819
1985-03,1985,65+,2.4239455533,8.6184299531
1985-04,1985,16-64,3.0998879689,11.021768738
1985-04,1985,0-15,2.9287528272,10.413291279
1985-04,1985,65+,2.4381891041,8.6690734357
1985-04,1985,Total,2.9997021617,10.665554317
1985-05,1985,0-15,2.9265832257,10.405577179
1985-05,1985,Total,3.0049017074,10.684041498
1985-05,1985,65+,2.4616705654,8.7525626583
1985-05,1985,16-64,3.10281704,11.032183161
1985-06,1985,65+,2.5454883665,9.0505800154
1985-06,1985,16-64,3.1535768251,11.212661494
1985-06,1985,0-15,2.9869366413,10.620166027
1985-06,1985,Total,3.0598908416,10.879557442
1985-07,1985,0-15,3.0200222177,10.737803043
1985-07,1985,16-64,3.2359858953,11.505670055
1985-07,1985,Total,3.1321530272,11.136488371
1985-07,1985,65+,2.6580495678,9.4507956174
1985-08,1985,65+,2.6642448141,9.4728230495
1985-08,1985,16-64,3.2619838262,11.59810668
1985-08,1985,0-15,3.0509472039,10.847758
1985-08,1985,Total,3.1588636977,11.231459169
1985-09,1985,Total,3.1863250605,11.329099081
1985-09,1985,65+,2.707141386,9.6253434308
1985-09,1985,0-15,3.0877675279,10.978674052
1985-09,1985,16-64,3.2766342929,11.650196968
1985-10,1985,Total,3.1783053386,11.300584657
1985-10,1985,16-64,3.2806867647,11.664605684
1985-10,1985,0-15,3.0538292538,10.858005237
1985-10,1985,65+,2.6911153004,9.5683620782
1985-11,1985,0-15,3.1804707709,11.308283934
1985-11,1985,65+,2.7611158302,9.8172516055
1985-11,1985,Total,3.2892909043,11.695198027
1985-11,1985,16-64,3.3918208691,12.059747189
1985-12,1985,0-15,3.2715188497,11.632008816
1985-12,1985,Total,3.357980691,11.939427158
1985-12,1985,65+,2.8149703527,10.008733394
1985-12,1985,16-64,3.4569210296,12.291213268
1986-01,1986,Total,3.4542321299,11.528501246
1986-01,1986,65+,2.9053383977,9.6965681747
1986-01,1986,16-64,3.5674083484,11.906226925
1986-01,1986,0-15,3.3059380108,11.033569559
1986-02,1986,Total,3.4799994577,11.614499714
1986-02,1986,16-64,3.589061026,11.978492746
1986-02,1986,0-15,3.3432844796,11.158213415
1986-02,1986,65+,2.9268191522,9.7682602023
1986-03,1986,65+,2.9443658779,9.826822407
1986-03,1986,16-64,3.6539802574,12.195160709
1986-03,1986,0-15,3.4327913809,11.456942737
1986-03,1986,Total,3.5442810454,11.829039541
1986-04,1986,0-15,3.4020770908,11.35443378
1986-04,1986,16-64,3.6318755082,12.121386099
1986-04,1986,65+,2.9296421109,9.777681828
1986-04,1986,Total,3.5187934741,11.743974761
1986-05,1986,Total,3.7146098519,12.397512007
1986-05,1986,65+,3.1090760962,10.376542833
1986-05,1986,0-15,3.6132162091,12.05911068
1986-05,1986,16-64,3.8228923545,12.758904907
1986-06,1986,0-15,3.6718462964,12.254788622
1986-06,1986,65+,3.2088335061,10.709483232
1986-06,1986,16-64,3.9057823804,13.035550405
1986-06,1986,Total,3.7913630515,12.653675845
1986-07,1986,Total,3.8652154478,12.90015825
1986-07,1986,65+,3.3180818372,11.074099585
1986-07,1986,16-64,3.9948229353,13.332723296
1986-07,1986,0-15,3.7017745157,12.354674067
1986-08,1986,Total,3.9774574679,13.274766041
1986-08,1986,65+,3.3590761934,11.210918266
1986-08,1986,16-64,4.1010506077,13.687258199
1986-08,1986,0-15,3.8556290896,12.868163775
1986-09,1986,65+,3.3563759719,11.201906276
1986-09,1986,Total,3.9916036672,13.321978987
1986-09,1986,16-64,4.1179868927,13.743783058
1986-09,1986,0-15,3.8555950982,12.868050329
1986-10,1986,16-64,4.1268535472,13.773375521
1986-10,1986,0-15,3.8336530214,12.794818638
1986-10,1986,65+,3.3442006059,11.161270987
1986-10,1986,Total,3.9897100516,13.315659044
1986-11,1986,Total,3.7479539527,12.508797958
1986-11,1986,65+,3.1418402741,10.485893291
1986-11,1986,0-15,3.6050337912,12.031801857
1986-11,1986,16-64,3.876839821,12.9389546
1986-12,1986,Total,3.7857670706,12.634999256
1986-12,1986,65+,3.188356434,10.641140995
1986-12,1986,16-64,3.9084986133,13.044615834
1986-12,1986,0-15,3.6656541315,12.234122269
1987-01,1987,Total,3.8383830221,11.749402776
1987-01,1987,65+,3.2194139178,9.8547202314
1987-01,1987,16-64,3.9687394962,12.148427759
1987-01,1987,0-15,3.6769551802,11.255267427
1987-02,1987,65+,3.185944966,9.7522707904
1987-02,1987,Total,3.829807288,11.723152203
1987-02,1987,0-15,3.6591834491,11.200867638
1987-02,1987,16-64,3.9664280102,12.141352233
1987-03,1987,0-15,3.7060303995,11.344267525
1987-03,1987,16-64,3.9893919128,12.211645411
1987-03,1987,65+,3.207892332,9.8194523202
1987-03,1987,Total,3.856899074,11.806080953
1987-04,1987,Total,3.8779329337,11.870466213
1987-04,1987,65+,3.2026951648,9.8035436393
1987-04,1987,16-64,4.0118860596,12.280500652
1987-04,1987,0-15,3.7530176481,11.488096868
1987-05,1987,0-15,3.7567512359,11.499525489
1987-05,1987,16-64,4.0550381501,12.412590464
1987-05,1987,65+,3.2677535924,10.00268939
1987-05,1987,Total,3.9141261345,11.98125466
1987-06,1987,Total,3.9271628964,12.02116057
1987-06,1987,65+,3.3057955375,10.119136898
1987-06,1987,16-64,4.0651033619,12.443400372
1987-06,1987,0-15,3.7750065389,11.555405506
1987-07,1987,65+,3.4697504461,10.621007672
1987-07,1987,16-64,4.1431911602,12.682429408
1987-07,1987,0-15,3.8179171483,11.686756138
1987-07,1987,Total,4.0054677373,12.26085398
1987-08,1987,0-15,4.0710703553,12.461665514
1987-08,1987,16-64,4.2591833303,13.037484836
1987-08,1987,65+,3.4629885832,10.600309412
1987-08,1987,Total,4.1470499417,12.694241252
1987-09,1987,Total,4.1516490595,12.708319286
1987-09,1987,65+,3.466127389,10.609917388
1987-09,1987,0-15,4.0529043669,12.406058891
1987-09,1987,16-64,4.2748340087,13.085392021
1987-10,1987,65+,3.4665185684,10.611114799
1987-10,1987,16-64,4.3052606507,13.178528863
1987-10,1987,0-15,4.0838829363,12.500885199
1987-10,1987,Total,4.1809754043,12.798088086
1987-11,1987,Total,4.4322052388,13.567109962
1987-11,1987,65+,3.652782355,11.181273702
1987-11,1987,16-64,4.5622855708,13.965289666
1987-11,1987,0-15,4.3438701239,13.29671359
1987-12,1987,0-15,4.4474805751,13.613868214
1987-12,1987,16-64,4.6204022396,14.14318649
1987-12,1987,Total,4.49269425,13.752268596
1987-12,1987,65+,3.6748569155,11.248844578
1988-01,1988,Total,4.6579588881,13.612544783
1988-01,1988,65+,3.773971262,11.029155484
1988-01,1988,16-64,4.7840237542,13.980960151
1988-01,1988,0-15,4.6152448138,13.487716019
1988-02,1988,Total,4.5393233438,13.265841066
1988-02,1988,0-15,4.3901795053,12.829979087
1988-02,1988,16-64,4.6853390813,13.692561399
1988-02,1988,65+,3.7670658271,11.008974855
1988-03,1988,Total,4.5596618846,13.325278967
1988-03,1988,0-15,4.4521177114,13.010988972
1988-03,1988,16-64,4.7112297184,13.768224896
1988-03,1988,65+,3.672918978,10.733837562
1988-04,1988,16-64,4.8385750183,14.140382237
1988-04,1988,65+,3.7677287517,11.010912203
1988-04,1988,0-15,4.6493253835,13.587313996
1988-04,1988,Total,4.6966207986,13.725531394
1988-05,1988,65+,3.7967195207,11.095635609
1988-05,1988,Total,4.6309141848,13.533508612
1988-05,1988,16-64,4.784466514,13.982254084
1988-05,1988,0-15,4.5115598334,13.184704234
1988-06,1988,Total,4.6810221899,13.679945599
1988-06,1988,65+,3.8700038096,11.309803593
1988-06,1988,16-64,4.8253050441,14.101601706
1988-06,1988,0-15,4.5742662176,13.367959064
1988-07,1988,16-64,4.9296897052,14.406658258
1988-07,1988,0-15,4.6253659904,13.517294419
1988-07,1988,65+,3.9958594297,11.677607455
1988-07,1988,Total,4.7797431849,13.968450499
1988-08,1988,16-64,4.8740391761,14.244023649
1988-08,1988,0-15,4.5154880462,13.196184149
1988-08,1988,Total,4.7059324311,13.75274396
1988-08,1988,65+,3.9294921532,11.483653934
1988-09,1988,0-15,4.6110909598,13.475576684
1988-09,1988,16-64,4.9428121708,14.445007706
1988-09,1988,65+,3.9840831066,11.64319201
1988-09,1988,Total,4.7786898969,13.965372342
1988-10,1988,65+,3.9793934417,11.629486807
1988-10,1988,Total,4.8273766722,14.107655888
1988-10,1988,0-15,4.6879581863,13.700215542
1988-10,1988,16-64,4.9838360739,14.564897067
1988-11,1988,Total,5.123839061,14.974045576
1988-11,1988,0-15,4.9319750062,14.413336883
1988-11,1988,16-64,5.3025184824,15.49622314
1988-11,1988,65+,4.2646096313,12.463010298
1988-12,1988,65+,4.3563215411,12.731031658
1988-12,1988,16-64,5.456078987,15.944992503
1988-12,1988,0-15,5.1552922521,15.06596523
1988-12,1988,Total,5.2832198204,15.439824209
1989-01,1989,0-15,5.2686324995,14.01203816
1989-01,1989,16-64,5.58758199,14.860290991
1989-01,1989,65+,4.4566520725,11.852559257
1989-01,1989,Total,5.4168740912,14.406289769
1989-02,1989,0-15,5.1604015891,13.724195793
1989-02,1989,16-64,5.5608993519,14.789327957
1989-02,1989,65+,4.4014497753,11.705747595
1989-02,1989,Total,5.3685783015,14.277846107
1989-03,1989,65+,4.4338776774,11.791990278
1989-03,1989,16-64,5.6461400407,15.016027349
1989-03,1989,0-15,5.311891367,14.127086021
1989-03,1989,Total,5.4591325968,14.518677147
1989-04,1989,0-15,5.3176148272,14.142307683
1989-04,1989,16-64,5.6863449151,15.122953052
1989-04,1989,Total,5.4888650083,14.597751116
1989-04,1989,65+,4.4422969543,11.81438152
1989-05,1989,Total,5.4773742746,14.56719127
1989-05,1989,65+,4.5095561328,11.99325871
1989-05,1989,16-64,5.6853497154,15.120306298
1989-05,1989,0-15,5.2522473323,13.968461465
1989-06,1989,Total,5.4978747626,14.621712746
1989-06,1989,65+,4.6301263236,12.313917651
1989-06,1989,16-64,5.7033339096,15.168135638
1989-06,1989,0-15,5.2722812297,14.021742034
1989-07,1989,Total,5.6505024927,15.027629381
1989-07,1989,16-64,5.8529842303,15.566133791
1989-07,1989,65+,4.8949330988,13.018176799
1989-07,1989,0-15,5.3759740919,14.297515366
1989-08,1989,16-64,6.0355744557,16.051736309
1989-08,1989,65+,5.0135726725,13.333701223
1989-08,1989,Total,5.8156990691,15.466973126
1989-08,1989,0-15,5.5353043453,14.721257503
1989-09,1989,Total,5.7712656655,15.348801561
1989-09,1989,65+,4.8507133851,12.900573547
1989-09,1989,16-64,5.9828506876,15.911516346
1989-09,1989,0-15,5.5313897022,14.710846427
1989-10,1989,65+,4.8443388335,12.883620294
1989-10,1989,Total,5.8566027795,15.575757398
1989-10,1989,16-64,6.0689389914,16.140469988
1989-10,1989,0-15,5.6275090311,14.96647779
1989-11,1989,65+,4.9707954195,13.219934225
1989-11,1989,16-64,6.2472800348,16.614771717
1989-11,1989,0-15,5.7804853052,15.373321386
1989-11,1989,Total,6.0211529243,16.013381945
1989-12,1989,0-15,6.1181590645,16.2713718
1989-12,1989,16-64,6.4852186255,17.247574368
1989-12,1989,65+,5.1188186285,13.613605041
1989-12,1989,Total,6.2685036614,16.671216396
1990-01,1990,Total,6.2605484117,15.418451603
1990-01,1990,65+,5.1075195255,12.578777039
1990-01,1990,16-64,6.5010328544,16.01071565
1990-01,1990,0-15,5.9853249561,14.740632464
1990-02,1990,Total,6.2410774592,15.370498625
1990-02,1990,0-15,5.9501018432,14.653885134
1990-02,1990,16-64,6.4931577321,15.991320833
1990-02,1990,65+,5.050032333,12.43719783
1990-03,1990,0-15,5.9774744813,14.721298349
1990-03,1990,16-64,6.4554628854,15.898486127
1990-03,1990,65+,5.0177712201,12.3577453
1990-03,1990,Total,6.2082152201,15.289565644
1990-04,1990,16-64,6.5501057045,16.131572053
1990-04,1990,Total,6.3038598081,15.525118723
1990-04,1990,65+,5.0431339741,12.420208581
1990-04,1990,0-15,6.1331478183,15.104689971
1990-05,1990,16-64,6.5189181073,16.054763374
1990-05,1990,Total,6.2683613435,15.437693257
1990-05,1990,65+,5.102218496,12.565721686
1990-05,1990,0-15,6.0201870092,14.826490578
1990-06,1990,65+,5.2248021818,12.867620259
1990-06,1990,16-64,6.5891027936,16.227613916
1990-06,1990,0-15,6.0918312414,15.002935684
1990-06,1990,Total,6.3404715617,15.615285991
1990-07,1990,Total,6.4108445068,15.788600177
1990-07,1990,0-15,6.0969810283,15.015618557
1990-07,1990,16-64,6.6682181677,16.422458918
1990-07,1990,65+,5.3316394503,13.130738622
1990-08,1990,0-15,6.0671051814,14.94204045
1990-08,1990,65+,5.3690913595,13.222975023
1990-08,1990,Total,6.4183361156,15.807050479
1990-08,1990,16-64,6.6974170813,16.494369876
1990-09,1990,Total,6.5422547197,16.112236682
1990-09,1990,16-64,6.8117561863,16.77596373
1990-09,1990,65+,5.4464585887,13.413514701
1990-09,1990,0-15,6.2387257997,15.364706968
1990-10,1990,0-15,6.14294913,15.128828599
1990-10,1990,16-64,6.7975708634,16.741028178
1990-10,1990,65+,5.3491841718,13.173947687
1990-10,1990,Total,6.5073971826,16.02638969
1990-11,1990,0-15,6.3936076629,15.746149352
1990-11,1990,65+,5.5447201377,13.655512819
1990-11,1990,Total,6.7551287281,16.636501871
1990-11,1990,16-64,7.0553565108,17.375901558
1990-12,1990,Total,6.8233314078,16.804471136
1990-12,1990,16-64,7.1157914542,17.524740476
1990-12,1990,65+,5.5481745132,13.664020241
1990-12,1990,0-15,6.54367549,16.115735749
1991-01,1991,Total,6.7969852271,16.265608531
1991-01,1991,0-15,6.4182841869,15.359353381
1991-01,1991,16-64,7.1033846578,16.998841432
1991-01,1991,65+,5.496400622,13.153228654
1991-02,1991,0-15,6.4101893744,15.339981991
1991-02,1991,16-64,7.0903744361,16.967707162
1991-02,1991,65+,5.4229525105,12.977462753
1991-02,1991,Total,6.7751508171,16.21335743
1991-03,1991,Total,6.7927180453,16.2553969
1991-03,1991,65+,5.4204176171,12.971396596
1991-03,1991,16-64,7.1163677953,17.029910888
1991-03,1991,0-15,6.4579163258,15.454195555
1991-04,1991,0-15,6.3821267648,15.27282642
1991-04,1991,16-64,7.0372344059,16.840539764
1991-04,1991,Total,6.7080232067,16.052716882
1991-04,1991,65+,5.3309178667,12.757218125
1991-05,1991,Total,6.7607340969,16.178857321
1991-05,1991,65+,5.4777219952,13.108529538
1991-05,1991,16-64,7.0714893593,16.922513998
1991-05,1991,0-15,6.4116724081,15.343530983
1991-06,1991,0-15,6.4502472264,15.435842923
1991-06,1991,16-64,7.1077730413,17.009343107
1991-06,1991,65+,5.4938203765,13.147053966
1991-06,1991,Total,6.7933014063,16.256792919
1991-07,1991,65+,5.5675782802,13.323561218
1991-07,1991,16-64,7.1148921976,17.026379691
1991-07,1991,Total,6.7876113804,16.243176333
1991-07,1991,0-15,6.3639138498,15.229241781
1991-08,1991,65+,5.5939193239,13.386596975
1991-08,1991,0-15,6.3614615483,15.223373271
1991-08,1991,Total,6.785887672,16.239051391
1991-08,1991,16-64,7.1255386792,17.051857384
1991-09,1991,65+,5.558316297,13.301396716
1991-09,1991,16-64,7.1646757487,17.145514826
1991-09,1991,0-15,6.421899109,15.368004114
1991-09,1991,Total,6.8276372671,16.33896077
1991-10,1991,Total,6.8243728012,16.3311487
1991-10,1991,65+,5.5417386711,13.261725426
1991-10,1991,16-64,7.1625473613,17.140421462
1991-10,1991,0-15,6.3843466666,15.278138783
1991-11,1991,Total,6.9952994344,16.740186768
1991-11,1991,0-15,6.5410154654,15.653056966
1991-11,1991,16-64,7.341267095,17.568108904
1991-11,1991,65+,5.7354424972,13.725270733
1991-12,1991,0-15,9.4589009161,22.635738389
1991-12,1991,16-64,10.212391047,24.438887151
1991-12,1991,65+,7.5137327642,17.980829981
1991-12,1991,Total,9.7551919729,23.344781323
1992-01,1992,0-15,9.3382347191,22.37131955
1992-01,1992,Total,9.7663303317,23.396894944
1992-01,1992,65+,7.4794438288,17.918271813
1992-01,1992,16-64,10.245156186,24.544003206
1992-02,1992,16-64,10.247107834,24.548678708
1992-02,1992,65+,7.5519724526,18.09202639
1992-02,1992,Total,9.7977085361,23.472066736
1992-02,1992,0-15,9.4564943982,22.654630599
1992-03,1992,16-64,7.1478905859,17.123979983
1992-03,1992,65+,5.3674192944,12.858560082
1992-03,1992,Total,6.7976050032,16.284811667
1992-03,1992,0-15,6.4299854711,15.404116945
1992-04,1992,Total,6.6651655723,15.967530626
1992-04,1992,65+,5.1209964401,12.268212486
1992-04,1992,16-64,7.0497459016,16.888857804
1992-04,1992,0-15,6.398466372,15.328607616
1992-05,1992,16-64,7.1500696005,17.129200181
1992-05,1992,0-15,6.4128531033,15.363073463
1992-05,1992,65+,5.4150804639,12.972740469
1992-05,1992,Total,6.7940592363,16.276317183
1992-06,1992,16-64,7.1451742515,17.117472545
1992-06,1992,65+,5.4194006504,12.983090206
1992-06,1992,Total,6.7697524292,16.218086119
1992-06,1992,0-15,6.3441213152,15.198414848
1992-07,1992,16-64,7.1641512114,17.162935059
1992-07,1992,65+,5.4790184251,13.125914661
1992-07,1992,Total,6.793125384,16.274079982
1992-07,1992,0-15,6.3138102124,15.125799478
1992-08,1992,Total,6.8066447817,16.306467984
1992-08,1992,65+,5.4194943791,12.983314749
1992-08,1992,16-64,7.1875308685,17.21894498
1992-08,1992,0-15,6.348660146,15.209288384
1992-09,1992,16-64,7.1761459153,17.1916704
1992-09,1992,65+,5.402722086,12.943133886
1992-09,1992,Total,6.779037797,16.240330786
1992-09,1992,0-15,6.2732261191,15.028573423
1992-10,1992,Total,6.7897398202,16.265969292
1992-10,1992,65+,5.410136503,12.960896375
1992-10,1992,16-64,7.1636805366,17.161807479
1992-10,1992,0-15,6.3387516249,15.185550847
1992-11,1992,65+,5.4712509015,13.107306246
1992-11,1992,16-64,7.3110544274,17.514866542
1992-11,1992,0-15,6.4566549667,15.46800823
1992-11,1992,Total,6.9169360804,16.570689431
1992-12,1992,16-64,7.323193348,17.543947378
1992-12,1992,65+,5.5049313538,13.187993461
1992-12,1992,Total,6.9444926744,16.636705909
1992-12,1992,0-15,6.5567713016,15.707853831
1993-01,1993,Total,6.9843528061,16.484947356
1993-01,1993,16-64,7.3623917177,17.37722066
1993-01,1993,0-15,6.4887205284,15.315122144
1993-01,1993,65+,5.556305125,13.114371513
1993-02,1993,Total,6.9985767715,16.518519732
1993-02,1993,65+,5.5697037447,13.145995852
1993-02,1993,16-64,7.386572407,17.434293578
1993-02,1993,0-15,6.5077773546,15.360101369
1993-03,1993,0-15,6.4202816694,15.153588066
1993-03,1993,16-64,7.3500433461,17.348075189
1993-03,1993,65+,5.3851055346,12.710294527
1993-03,1993,Total,6.9141899988,16.319344298
1993-04,1993,0-15,6.4496937936,15.223008574
1993-04,1993,16-64,7.3457987685,17.338056847
1993-04,1993,Total,6.8985484058,16.28242594
1993-04,1993,65+,5.2471985022,12.384796913
1993-05,1993,Total,6.9380889224,16.375752173
1993-05,1993,65+,5.4305652543,12.817591668
1993-05,1993,16-64,7.3642136271,17.381520856
1993-05,1993,0-15,6.4102889774,15.130002631
1993-06,1993,16-64,7.3527668316,17.354503346
1993-06,1993,0-15,6.3943435295,15.092367094
1993-06,1993,65+,5.4496709913,12.862686335
1993-06,1993,Total,6.9224196654,16.33876852
1993-07,1993,16-64,7.3807422822,17.420532918
1993-07,1993,65+,5.3961729687,12.736416642
1993-07,1993,Total,6.9475316498,16.398039544
1993-07,1993,0-15,6.3947988414,15.093441752
1993-08,1993,0-15,6.4667511124,15.263268425
1993-08,1993,Total,6.9908382003,16.500254627
1993-08,1993,16-64,7.4194540681,17.511903124
1993-08,1993,65+,5.5017481285,12.985602358
1993-09,1993,Total,7.0141777946,16.555342335
1993-09,1993,0-15,6.4518020227,15.227984561
1993-09,1993,65+,5.4680442772,12.906052222
1993-09,1993,16-64,7.455757278,17.597588444
1993-10,1993,65+,5.4962374805,12.972595749
1993-10,1993,0-15,6.5222368274,15.394229606
1993-10,1993,16-64,7.5090311847,17.723329163
1993-10,1993,Total,7.0766191254,16.702720636
1993-11,1993,Total,7.2411474438,17.09105163
1993-11,1993,0-15,6.6818441802,15.7709458
1993-11,1993,65+,5.6507781852,13.337353294
1993-11,1993,16-64,7.6872379815,18.143945038
1993-12,1993,16-64,7.6970668511,18.167143808
1993-12,1993,Total,7.2635299815,17.143880427
1993-12,1993,0-15,6.7989147334,16.047263729
1993-12,1993,65+,5.5851323988,13.182411617
1994-01,1994,65+,5.6792909108,13.181411545
1994-01,1994,Total,7.3867111639,17.144267013
1994-01,1994,16-64,7.8290388207,18.170892163
1994-01,1994,0-15,6.8097974465,15.805272893
1994-02,1994,Total,7.4004461608,17.176145402
1994-02,1994,16-64,7.8378186896,18.191269894
1994-02,1994,65+,5.6984158305,13.225799734
1994-02,1994,0-15,6.8463370907,15.890079974
1994-03,1994,65+,5.5508116602,12.883216242
1994-03,1994,Total,7.3327160611,17.018946496
1994-03,1994,0-15,6.8311963108,15.854938818
1994-03,1994,16-64,7.8011885327,18.106252736
1994-04,1994,0-15,7.0300369187,16.316440073
1994-04,1994,16-64,7.8622506582,18.247975535
1994-04,1994,65+,5.5818200562,12.955185513
1994-04,1994,Total,7.4091218445,17.196281324
1994-05,1994,Total,7.4275612192,17.239078389
1994-05,1994,16-64,7.8846399427,18.299940187
1994-05,1994,0-15,6.8491498739,15.896608334
1994-05,1994,65+,5.7310092913,13.301447879
1994-06,1994,Total,7.4412348912,17.270814446
1994-06,1994,0-15,6.8268712275,15.844900469
1994-06,1994,65+,5.8367935171,13.54696892
1994-06,1994,16-64,7.8986964129,18.332564703
1994-07,1994,16-64,7.9373377681,18.422249774
1994-07,1994,Total,7.492983321,17.390920523
1994-07,1994,0-15,6.8983283595,16.010749671
1994-07,1994,65+,5.8701600069,13.624411234
1994-08,1994,Total,7.4972814879,17.4008964
1994-08,1994,65+,5.8974391589,13.687725077
1994-08,1994,16-64,7.9534166972,18.459568338
1994-08,1994,0-15,6.8996092819,16.013722642
1994-09,1994,Total,7.5019137098,17.411647605
1994-09,1994,65+,5.8650784244,13.61261708
1994-09,1994,0-15,6.8763746296,15.959795925
1994-09,1994,16-64,7.9678388892,18.49304168
1994-10,1994,Total,7.568954636,17.567246966
1994-10,1994,65+,5.8961012601,13.684619866
1994-10,1994,16-64,8.0229916391,18.62104905
1994-10,1994,0-15,6.9627663855,16.160307803
1994-11,1994,0-15,7.1616915368,16.62200528
1994-11,1994,16-64,8.2630204275,19.178146457
1994-11,1994,65+,6.0799275302,14.111273432
1994-11,1994,Total,7.7917007053,18.084231861
1994-12,1994,0-15,7.3469569178,17.051998966
1994-12,1994,65+,6.0687381805,14.08530339
1994-12,1994,16-64,8.2924499709,19.246451274
1994-12,1994,Total,7.8419480746,18.200854035
1995-01,1995,Total,7.9422938701,18.087476569
1995-01,1995,0-15,7.2942722586,16.611696913
1995-01,1995,16-64,8.4020262086,19.13445343
1995-01,1995,65+,6.1688026625,14.048595462
1995-02,1995,0-15,7.3630450666,16.768317478
1995-02,1995,16-64,8.4462487429,19.235164139
1995-02,1995,65+,6.1930675661,14.103855426
1995-02,1995,Total,7.9888924157,18.193598316
1995-03,1995,65+,6.0251771642,13.72150824
1995-03,1995,16-64,8.4329899265,19.204969018
1995-03,1995,Total,7.9304616268,18.060530271
1995-03,1995,0-15,7.3278964369,16.688271332
1995-04,1995,16-64,8.443931397,19.229886705
1995-04,1995,65+,6.0124481737,13.692519723
1995-04,1995,Total,7.9569017124,18.120743911
1995-04,1995,0-15,7.5342211371,17.15814732
1995-05,1995,0-15,7.3074418151,16.641688758
1995-05,1995,16-64,8.402958348,19.136576248
1995-05,1995,65+,6.0846418671,13.856930882
1995-05,1995,Total,7.9073845241,18.007975359
1995-06,1995,16-64,8.4184289053,19.171808304
1995-06,1995,Total,7.9273611311,18.05346932
1995-06,1995,65+,6.1823469656,14.07944074
1995-06,1995,0-15,7.2997885911,16.624259598
1995-07,1995,16-64,8.5360262261,19.439619949
1995-07,1995,65+,6.3942624157,14.562048888
1995-07,1995,Total,8.0626870707,18.361655444
1995-07,1995,0-15,7.3780188972,16.802418308
1995-08,1995,16-64,8.56170577,19.498101561
1995-08,1995,0-15,7.3984889211,16.849035958
1995-08,1995,Total,8.0647090006,18.36626011
1995-08,1995,65+,6.3167832267,14.385600744
1995-09,1995,0-15,7.4075033374,16.869565045
1995-09,1995,Total,8.0708898343,18.380336104
1995-09,1995,65+,6.3447065474,14.449192247
1995-09,1995,16-64,8.5599796559,19.494170575
1995-10,1995,Total,8.1362240053,18.529125649
1995-10,1995,16-64,8.6375172644,19.670751761
1995-10,1995,0-15,7.4142734032,16.884982935
1995-10,1995,65+,6.3755947975,14.519535968
1995-11,1995,0-15,7.7174232848,17.575364891
1995-11,1995,16-64,8.9545795192,20.392817225
1995-11,1995,65+,6.5594900378,14.938331961
1995-11,1995,Total,8.4269909771,19.191307239
1995-12,1995,65+,6.5955133219,15.020370012
1995-12,1995,Total,8.4714343372,19.29252085
1995-12,1995,0-15,7.8437742155,17.863111672
1995-12,1995,16-64,8.9831926674,20.457979715
1996-01,1996,16-64,9.0634231381,20.257675108
1996-01,1996,65+,6.6509512375,14.865554358
1996-01,1996,Total,8.5519927375,19.114576001
1996-01,1996,0-15,7.8072124049,17.449915997
1996-02,1996,16-64,9.1193189995,20.38260806
1996-02,1996,65+,6.6943254341,14.962500112
1996-02,1996,0-15,7.8077966675,17.451221883
1996-02,1996,Total,8.5893739964,19.198126928
1996-03,1996,0-15,7.9103750616,17.680495056
1996-03,1996,65+,6.4991633557,14.526292961
1996-03,1996,Total,8.5556964036,19.122854073
1996-03,1996,16-64,9.1050811478,20.350785009
1996-04,1996,Total,8.4904834897,18.977096559
1996-04,1996,16-64,9.0725466453,20.278067077
1996-04,1996,65+,6.3693343704,14.236111938
1996-04,1996,0-15,7.9546313347,17.77941234
1996-05,1996,65+,6.6056459976,14.764292526
1996-05,1996,16-64,9.1086502645,20.358762349
1996-05,1996,Total,8.5626874309,19.138479732
1996-05,1996,0-15,7.8500206298,17.545596745
1996-06,1996,Total,8.6801089082,19.40092871
1996-06,1996,65+,6.7938797871,15.185014244
1996-06,1996,16-64,9.2308711744,20.631938548
1996-06,1996,0-15,7.9508319182,17.770920257
1996-07,1996,65+,6.8117077585,15.224861579
1996-07,1996,0-15,7.8525879747,17.551335023
1996-07,1996,Total,8.64497428,19.322399232
1996-07,1996,16-64,9.1881139352,20.536371757
1996-08,1996,Total,8.6692051651,19.376557732
1996-08,1996,16-64,9.2206829563,20.609166841
1996-08,1996,65+,6.8283555043,15.262070988
1996-08,1996,0-15,7.9036629754,17.665492859
1996-09,1996,0-15,7.9497733404,17.768554227
1996-09,1996,Total,8.6842315377,19.410143207
1996-09,1996,65+,6.7621533043,15.114102319
1996-09,1996,16-64,9.2356761604,20.642678182
1996-10,1996,Total,8.7234967861,19.497905042
1996-10,1996,16-64,9.2864157167,20.756086265
1996-10,1996,0-15,7.9654392688,17.803569175
1996-10,1996,65+,6.695074659,14.964174706
1996-11,1996,Total,8.9292665269,19.957821399
1996-11,1996,65+,6.8687431466,15.352341488
1996-11,1996,16-64,9.5059046998,21.246666528
1996-11,1996,0-15,8.2044974626,18.33788862
1996-12,1996,65+,6.869042163,15.35300982
1996-12,1996,Total,8.9482471912,20.00024512
1996-12,1996,0-15,8.2907442111,18.5306589
1996-12,1996,16-64,9.5239760127,21.287057756
1997-01,1997,Total,9.068514561,19.916988454
1997-01,1997,16-64,9.6462928365,21.18595077
1997-01,1997,0-15,8.22069939,18.054949764
1997-01,1997,65+,6.9925222275,15.357530005
1997-02,1997,Total,9.1482353017,20.092077446
1997-02,1997,65+,7.0321931249,15.444658365
1997-02,1997,16-64,9.7288834131,21.367342723
1997-02,1997,0-15,8.369192837,18.381082809
1997-03,1997,0-15,8.5662115673,18.813790917
1997-03,1997,16-64,9.7450908688,21.402938818
1997-03,1997,65+,6.8733694427,15.095837241
1997-03,1997,Total,9.141832625,20.078015381
1997-04,1997,0-15,8.3723643899,18.388048425
1997-04,1997,16-64,9.6587119654,21.213226643
1997-04,1997,65+,6.7252608209,14.770549379
1997-04,1997,Total,9.0149369396,19.799317047
1997-05,1997,65+,6.9833517287,15.337389031
1997-05,1997,Total,9.148333349,20.092292785
1997-05,1997,0-15,8.4594406272,18.579292139
1997-05,1997,16-64,9.745540481,21.403926292
1997-06,1997,0-15,8.4897314018,18.645819133
1997-06,1997,65+,7.1095669867,15.614592956
1997-06,1997,16-64,9.7859130366,21.492595689
1997-06,1997,Total,9.1973798375,20.20001256
1997-07,1997,0-15,8.4004221537,18.449671103
1997-07,1997,16-64,9.8221724994,21.572231588
1997-07,1997,65+,7.1569048632,15.718560142
1997-07,1997,Total,9.2207811191,20.251408304
1997-08,1997,Total,9.2863282344,20.39536806
1997-08,1997,65+,7.1956238417,15.803597823
1997-08,1997,0-15,8.5017172629,18.672143428
1997-08,1997,16-64,9.9012908245,21.745997507
1997-09,1997,Total,9.2316957142,20.275379801
1997-09,1997,65+,7.0576598807,15.500590467
1997-09,1997,16-64,9.8561415681,21.646837141
1997-09,1997,0-15,8.4848631339,18.635127058
1997-10,1997,Total,9.2816932407,20.38518832
1997-10,1997,65+,7.0594969637,15.504625214
1997-10,1997,16-64,9.918243874,21.783231134
1997-10,1997,0-15,8.5129730565,18.696864292
1997-11,1997,65+,7.280130972,15.989199062
1997-11,1997,0-15,8.8320479873,19.397641875
1997-11,1997,16-64,10.205078537,22.413200092
1997-11,1997,Total,9.5574442133,20.990814401
1997-12,1997,65+,7.2099252341,15.835007671
1997-12,1997,Total,9.4867367168,20.835521009
1997-12,1997,16-64,10.127577734,22.242986702
1997-12,1997,0-15,8.8420041695,19.419508429
1998-01,1998,65+,7.3520313042,15.701428936
1998-01,1998,Total,9.597800439,20.497625119
1998-01,1998,0-15,8.8138364498,18.823345677
1998-01,1998,16-64,10.22309956,21.833050569
1998-02,1998,16-64,10.31244823,22.023868825
1998-02,1998,Total,9.6562853813,20.622528989
1998-02,1998,0-15,8.8858433698,18.977127876
1998-02,1998,65+,7.2989590505,15.58808472
1998-03,1998,0-15,8.9359265557,19.084088463
1998-03,1998,16-64,10.264293809,21.921027421
1998-03,1998,65+,7.0996094179,15.162341962
1998-03,1998,Total,9.5662481967,20.430240301
1998-04,1998,Total,9.4397722532,20.160130863
1998-04,1998,65+,6.973895741,14.893860466
1998-04,1998,0-15,8.9185554947,19.046989807
1998-04,1998,16-64,10.146080224,21.668563561
1998-05,1998,0-15,8.8764647236,18.957098289
1998-05,1998,16-64,10.260127783,21.912130211
1998-05,1998,65+,7.2388009976,15.459607657
1998-05,1998,Total,9.6031698922,20.509092437
1998-06,1998,0-15,8.8614360949,18.925002269
1998-06,1998,16-64,10.306806749,22.011820548
1998-06,1998,Total,9.6359972554,20.579200478
1998-06,1998,65+,7.3505597914,15.698286287
1998-07,1998,65+,7.4073629702,15.819598485
1998-07,1998,16-64,10.344631626,22.092601571
1998-07,1998,0-15,8.803082115,18.800378089
1998-07,1998,Total,9.6620558465,20.634852733
1998-08,1998,Total,9.7019845871,20.720126891
1998-08,1998,65+,7.3437742372,15.68379466
1998-08,1998,16-64,10.411456973,22.235317698
1998-08,1998,0-15,8.8904400219,18.986944755
1998-09,1998,65+,7.3417463574,15.679463801
1998-09,1998,16-64,10.403431716,22.218178489
1998-09,1998,0-15,8.880143103,18.964954052
1998-09,1998,Total,9.6993142189,20.714423896
1998-10,1998,16-64,10.456425787,22.331355734
1998-10,1998,Total,9.7577796249,20.839286044
1998-10,1998,65+,7.3776547289,15.756151823
1998-10,1998,0-15,8.9522603374,19.118971844
1998-11,1998,0-15,9.2065692597,19.662088883
1998-11,1998,16-64,10.644664076,22.733368457
1998-11,1998,65+,7.4579040703,15.92753702
1998-11,1998,Total,9.9356939075,21.219250213
1998-12,1998,0-15,9.3187092099,19.901581533
1998-12,1998,16-64,10.66303546,22.772603461
1998-12,1998,65+,7.4466323495,15.903464472
1998-12,1998,Total,9.9565054252,21.26369651
1999-01,1999,Total,10.119497749,21.052382891
1999-01,1999,65+,7.5499260658,15.706701882
1999-01,1999,16-64,10.816833873,22.503105789
1999-01,1999,0-15,9.3061422385,19.360295788
1999-02,1999,Total,10.206140327,21.232632225
1999-02,1999,16-64,10.911990422,22.701067402
1999-02,1999,65+,7.5911767668,15.792518942
1999-02,1999,0-15,9.4159283473,19.588692419
1999-03,1999,0-15,9.3377346006,19.42601985
1999-03,1999,65+,7.2233105668,15.027218106
1999-03,1999,Total,9.9605140394,20.721636641
1999-03,1999,16-64,10.740486247,22.344273849
1999-04,1999,16-64,10.761714759,22.388437182
1999-04,1999,65+,7.3725026612,15.337594092
1999-04,1999,Total,10.03753232,20.881863796
1999-04,1999,0-15,9.4632828307,19.687207656
1999-05,1999,65+,7.5544096087,15.716029347
1999-05,1999,16-64,10.806612076,22.481840584
1999-05,1999,Total,10.135903886,21.086513861
1999-05,1999,0-15,9.5048905176,19.773767382
1999-06,1999,0-15,9.4736563168,19.708788431
1999-06,1999,16-64,10.902209654,22.680719704
1999-06,1999,65+,7.6274882822,15.868060629
1999-06,1999,Total,10.206335895,21.23303908
1999-07,1999,16-64,10.918386016,22.714372655
1999-07,1999,Total,10.234983343,21.292636609
1999-07,1999,65+,7.6577861253,15.931091602
1999-07,1999,0-15,9.4844733086,19.731291865
1999-08,1999,16-64,10.988063882,22.859328972
1999-08,1999,Total,10.281930871,21.390305224
1999-08,1999,0-15,9.5724400577,19.914295975
1999-08,1999,65+,7.6650827231,15.946271286
1999-09,1999,0-15,9.6076256584,19.987495333
1999-09,1999,16-64,10.959053165,22.798975708
1999-09,1999,65+,7.5639860276,15.73595192
1999-09,1999,Total,10.248788142,21.321355811
1999-10,1999,65+,7.624965566,15.862812425
1999-10,1999,0-15,9.7254407336,20.232595252
1999-10,1999,16-64,11.055395078,22.999403327
1999-10,1999,Total,10.351028906,21.534055272
1999-11,1999,Total,10.437943876,21.714871283
1999-11,1999,0-15,9.726695236,20.235205091
1999-11,1999,16-64,11.182460493,23.263747451
1999-11,1999,65+,7.6686367453,15.953664996
1999-12,1999,65+,7.7817058922,16.188891588
1999-12,1999,16-64,11.219094444,23.339959924
1999-12,1999,0-15,10.002905374,20.809826651
1999-12,1999,Total,10.514162092,21.873434002
2000-01,2000,65+,7.9191787106,15.778125722
2000-01,2000,Total,10.697573918,21.313784215
2000-01,2000,16-64,11.425980645,22.765057551
2000-01,2000,0-15,9.9714284954,19.867016287
2000-02,2000,Total,10.713910812,21.346333748
2000-02,2000,65+,7.8876838354,15.715375515
2000-02,2000,16-64,11.474886455,22.862497203
2000-02,2000,0-15,9.9686787993,19.861537809
2000-03,2000,0-15,10.077519164,20.07839072
2000-03,2000,65+,7.7041472657,15.349698318
2000-03,2000,Total,10.617744317,21.154732181
2000-03,2000,16-64,11.412088712,22.737379346
2000-04,2000,0-15,10.28578646,20.493341273
2000-04,2000,65+,7.8889253842,15.71784917
2000-04,2000,Total,10.711969341,21.342465573
2000-04,2000,16-64,11.43887615,22.790750482
2000-05,2000,65+,7.7432572148,15.427620754
2000-05,2000,Total,10.552417344,21.024575099
2000-05,2000,0-15,9.9008012977,19.726299068
2000-05,2000,16-64,11.281497284,22.477189742
2000-06,2000,16-64,11.456149367,22.825165539
2000-06,2000,0-15,10.09237242,20.107984261
2000-06,2000,Total,10.710224374,21.338988909
2000-06,2000,65+,7.8658044923,15.671783239
2000-07,2000,0-15,10.091732765,20.106709816
2000-07,2000,16-64,11.521335376,22.955041764
2000-07,2000,Total,10.785586388,21.489139749
2000-07,2000,65+,7.9523026294,15.844121625
2000-08,2000,Total,10.824762538,21.567194082
2000-08,2000,65+,7.9795017558,15.898313007
2000-08,2000,16-64,11.577137451,23.066221496
2000-08,2000,0-15,10.113956519,20.150988294
2000-09,2000,16-64,11.559813651,23.031705657
2000-09,2000,0-15,10.192379557,20.307237901
2000-09,2000,65+,7.9903800933,15.919986943
2000-09,2000,Total,10.8347577,21.587108386
2000-10,2000,0-15,10.223497556,20.369237222
2000-10,2000,16-64,11.66721011,23.245681738
2000-10,2000,65+,7.9464825802,15.832525793
2000-10,2000,Total,10.901091884,21.719272229
2000-11,2000,65+,8.1107331518,16.159777679
2000-11,2000,Total,11.057141477,22.030184534
2000-11,2000,16-64,11.819471669,23.549046784
2000-11,2000,0-15,10.430536231,20.781739875
2000-12,2000,16-64,11.890070897,23.689708278
2000-12,2000,0-15,10.733782792,21.385926564
2000-12,2000,65+,8.2534004549,16.444027186
2000-12,2000,Total,11.159289236,22.233703136
2001-01,2001,65+,8.2843298676,15.606501295
2001-01,2001,16-64,12.007278926,22.620008753
2001-01,2001,Total,11.246719818,21.187223374
2001-01,2001,0-15,10.568242817,19.909069031
2001-02,2001,0-15,10.671167831,20.102965146
2001-02,2001,65+,8.31277009,15.660078636
2001-02,2001,Total,11.316796262,21.319237445
2001-02,2001,16-64,12.081134872,22.759142868
2001-03,2001,0-15,10.809653917,20.36385327
2001-03,2001,Total,11.231884965,21.159276617
2001-03,2001,65+,8.1542545067,15.361457783
2001-03,2001,16-64,12.04659537,22.694075351
2001-04,2001,Total,11.274702429,21.23993864
2001-04,2001,65+,8.1937801235,15.435918433
2001-04,2001,16-64,12.072227746,22.742363108
2001-04,2001,0-15,11.029878067,20.778724301
2001-05,2001,0-15,10.676853394,20.113675938
2001-05,2001,65+,8.2160319479,15.477837711
2001-05,2001,16-64,11.99685993,22.600380843
2001-05,2001,Total,11.234698993,21.164577847
2001-06,2001,Total,11.382717998,21.443424637
2001-06,2001,65+,8.3468977256,15.724370257
2001-06,2001,16-64,12.146118824,22.881563409
2001-06,2001,0-15,10.871432917,20.480236134
2001-07,2001,0-15,10.809567563,20.363690589
2001-07,2001,65+,8.387366774,15.800608198
2001-07,2001,16-64,12.209632754,23.001214634
2001-07,2001,Total,11.428769662,21.530179434
2001-08,2001,65+,8.4536964386,15.925563869
2001-08,2001,0-15,10.887310921,20.510148038
2001-08,2001,16-64,12.263033454,23.101813971
2001-08,2001,Total,11.491690568,21.648713486
2001-09,2001,Total,11.547739194,21.75430114
2001-09,2001,0-15,11.096439742,20.904117046
2001-09,2001,65+,8.4597966489,15.937055799
2001-09,2001,16-64,12.307789672,23.186128333
2001-10,2001,0-15,10.983722574,20.691773905
2001-10,2001,16-64,12.325702036,23.219872683
2001-10,2001,Total,11.547293755,21.753461996
2001-10,2001,65+,8.4811673751,15.977315213
2001-11,2001,Total,11.556777114,21.771327299
2001-11,2001,65+,8.4178008287,15.857941636
2001-11,2001,16-64,12.356996824,23.27882762
2001-11,2001,0-15,11.04733039,20.811602
2001-12,2001,Total,11.716800362,22.072788379
2001-12,2001,65+,8.6407526498,16.277951213
2001-12,2001,16-64,12.470717962,23.493062098
2001-12,2001,0-15,11.491118084,21.647635008
2002-01,2002,0-15,11.314692214,20.222674746
2002-01,2002,16-64,12.644723505,22.599830898
2002-01,2002,65+,8.6750637622,15.504884229
2002-01,2002,Total,11.838406152,21.158705213
2002-02,2002,0-15,11.522339162,20.593800767
2002-02,2002,16-64,12.790037271,22.859549234
2002-02,2002,65+,8.7398038034,15.620593678
2002-02,2002,Total,11.978589222,21.409253489
2002-03,2002,0-15,11.647581415,20.817645419
2002-03,2002,Total,11.931775548,21.325583718
2002-03,2002,65+,8.6333126432,15.43026273
2002-03,2002,16-64,12.806719052,22.889364471
2002-04,2002,16-64,12.77533109,22.833264974
2002-04,2002,65+,8.65232242,15.464238779
2002-04,2002,0-15,11.643036612,20.809522523
2002-04,2002,Total,11.896492272,21.262522152
2002-05,2002,Total,12.055702668,21.547077842
2002-05,2002,65+,8.8747640969,15.86180732
2002-05,2002,16-64,12.866455288,22.996130651
2002-05,2002,0-15,11.576282009,20.690212461
2002-06,2002,0-15,11.93802083,21.336745869
2002-06,2002,16-64,13.067342247,23.355174589
2002-06,2002,65+,9.0574952115,16.188401436
2002-06,2002,Total,12.276809654,21.942260899
2002-07,2002,16-64,13.432846059,24.00843714
2002-07,2002,0-15,12.228239068,21.855451012
2002-07,2002,Total,12.613624436,22.544247737
2002-07,2002,65+,9.3129655725,16.645001927
2002-08,2002,0-15,12.407894919,22.176548729
2002-08,2002,16-64,13.641059335,24.380575354
2002-08,2002,Total,12.787710772,22.855391097
2002-08,2002,65+,9.387395355,16.778029786
2002-09,2002,16-64,13.697739504,24.481879447
2002-09,2002,65+,9.3695620678,16.746156469
2002-09,2002,Total,12.759870252,22.805631919
2002-09,2002,0-15,12.170301816,21.751900144
2002-10,2002,16-64,13.697105118,24.480745613
2002-10,2002,65+,9.328019261,16.671907285
2002-10,2002,0-15,11.980187508,21.412110095
2002-10,2002,Total,12.713740348,22.723184246
2002-11,2002,16-64,13.930827582,24.89847623
2002-11,2002,Total,12.942452794,23.131960493
2002-11,2002,0-15,12.439651468,22.233307
2002-11,2002,65+,9.4301566355,16.85445674
2002-12,2002,Total,13.003340962,23.240785514
2002-12,2002,16-64,13.978040037,24.98285874
2002-12,2002,65+,9.5156177768,17.007200874
2002-12,2002,0-15,12.788769288,22.857282977
2003-01,2003,Total,13.108645438,22.180797599
2003-01,2003,65+,9.5552008921,16.168106614
2003-01,2003,16-64,14.131204489,23.911043141
2003-01,2003,0-15,12.495673281,21.143603374
2003-02,2003,65+,9.5730612341,16.198327634
2003-02,2003,Total,13.227550307,22.381993431
2003-02,2003,0-15,12.549925045,21.235401372
2003-02,2003,16-64,14.280685608,24.163976251
2003-03,2003,Total,13.116093167,22.193399707
2003-03,2003,65+,9.3556960642,15.83052969
2003-03,2003,16-64,14.231473374,24.080705511
2003-03,2003,0-15,12.888026476,21.807493998
2003-04,2003,16-64,14.237529136,24.090952309
2003-04,2003,0-15,13.041960001,22.067960908
2003-04,2003,Total,13.149057305,22.249177466
2003-04,2003,65+,9.45285479,15.99492944
2003-05,2003,16-64,14.394158843,24.355981357
2003-05,2003,0-15,12.990331556,21.980601761
2003-05,2003,Total,13.376325072,22.633731338
2003-05,2003,65+,9.6460919051,16.32190093
2003-06,2003,0-15,13.167184369,22.2798498
2003-06,2003,16-64,14.509234397,24.550697706
2003-06,2003,65+,9.7065500315,16.424200552
2003-06,2003,Total,13.483491243,22.815064425
2003-07,2003,0-15,13.107698774,22.179195774
2003-07,2003,16-64,14.693074182,24.861768219
2003-07,2003,Total,13.628913908,23.06113033
2003-07,2003,65+,9.8516321038,16.669690148
2003-08,2003,0-15,13.469469181,22.79133806
2003-08,2003,Total,13.79968766,23.350092149
2003-08,2003,16-64,14.80355625,25.048712048
2003-08,2003,65+,9.9499355939,16.836026924
2003-09,2003,16-64,14.829432776,25.092497046
2003-09,2003,65+,9.9605253336,16.853945547
2003-09,2003,Total,13.771925359,23.303116281
2003-09,2003,0-15,13.435913804,22.73455988
2003-10,2003,Total,13.873295779,23.47464253
2003-10,2003,65+,10.020283568,16.955060899
2003-10,2003,16-64,14.974556637,25.338057351
2003-10,2003,0-15,13.499254303,22.841736688
2003-11,2003,Total,14.311209145,24.215624333
2003-11,2003,0-15,14.003091791,23.694266981
2003-11,2003,16-64,15.428299063,26.105823094
2003-11,2003,65+,10.367934685,17.543312302
2003-12,2003,Total,14.291454552,24.182198101
2003-12,2003,65+,10.411212436,17.616541457
2003-12,2003,16-64,15.419250002,26.090511415
2003-12,2003,0-15,14.184179928,24.000681503
2004-01,2004,16-64,15.630254614,24.488266073
2004-01,2004,0-15,14.207974382,22.259948133
2004-01,2004,Total,14.509551332,22.73243542
2004-01,2004,65+,10.583958529,16.582122234
2004-02,2004,0-15,15.356882891,24.05996854
2004-02,2004,16-64,16.162005465,25.321371908
2004-02,2004,65+,11.589239088,18.157117549
2004-02,2004,Total,15.301841609,23.973734145
2004-03,2004,65+,11.529922301,18.064184626
2004-03,2004,0-15,15.433380539,24.179819098
2004-03,2004,16-64,16.082255681,25.196426155
2004-03,2004,Total,15.212880155,23.834356263
2004-04,2004,0-15,15.574394872,24.400749378
2004-04,2004,16-64,16.089726377,25.208130659
2004-04,2004,65+,11.673516841,18.289157372
2004-04,2004,Total,15.27318747,23.928841069
2004-05,2004,65+,11.930430269,18.69166933
2004-05,2004,0-15,15.412001742,24.146324465
2004-05,2004,16-64,16.182762601,25.353892572
2004-05,2004,Total,15.45196582,24.20893707
2004-06,2004,Total,15.39385557,24.117894455
2004-06,2004,65+,11.782791251,18.46036001
2004-06,2004,0-15,15.186567515,23.793131668
2004-06,2004,16-64,16.163324802,25.323438942
2004-07,2004,0-15,14.917594894,23.371726306
2004-07,2004,65+,11.830576907,18.535226857
2004-07,2004,Total,15.414409038,24.150096028
2004-07,2004,16-64,16.202288486,25.384484209
2004-08,2004,16-64,15.994675423,25.059212225
2004-08,2004,0-15,14.489800928,22.701492024
2004-08,2004,65+,11.603856377,18.180018781
2004-08,2004,Total,15.172395885,23.770928662
2004-09,2004,Total,15.015879835,23.5257115
2004-09,2004,65+,11.467565963,17.966489571
2004-09,2004,16-64,15.856013313,24.841967226
2004-09,2004,0-15,14.104599684,22.097988705
2004-10,2004,Total,14.818395865,23.21630899
2004-10,2004,65+,11.219521563,17.577872915
2004-10,2004,0-15,13.78785076,21.60173115
2004-10,2004,16-64,15.700278543,24.597974113
2004-11,2004,0-15,13.314867167,20.86069728
2004-11,2004,65+,11.009313317,17.248535
2004-11,2004,Total,14.68350259,23.004968709
2004-11,2004,16-64,15.630775766,24.489082573
2004-12,2004,Total,14.573695478,22.832931474
2004-12,2004,16-64,15.545811943,24.355967869
2004-12,2004,0-15,13.199150933,20.679402093
2004-12,2004,65+,10.923576467,17.114209179
2005-01,2005,Total,15.24388339,22.698935839
2005-01,2005,16-64,15.642541511,23.292558532
2005-01,2005,0-15,15.702218754,23.381421053
2005-01,2005,65+,12.80382167,19.065556928
2005-02,2005,0-15,15.786984539,23.50764172
2005-02,2005,Total,15.542203035,23.143149319
2005-02,2005,16-64,15.982685459,23.799050575
2005-02,2005,65+,12.947329527,19.279247598
2005-03,2005,16-64,16.010608822,23.840629916
2005-03,2005,Total,15.550374225,23.155316645
2005-03,2005,65+,12.932026878,19.256461156
2005-03,2005,0-15,15.855416659,23.609540707
2005-04,2005,16-64,15.921575732,23.708055012
2005-04,2005,0-15,15.687561404,23.359595496
2005-04,2005,65+,12.688721333,18.894166535
2005-04,2005,Total,15.426536911,22.970916439
2005-05,2005,Total,15.284683851,22.75968985
2005-05,2005,0-15,15.305195478,22.790232729
2005-05,2005,65+,12.509702182,18.627597701
2005-05,2005,16-64,15.774493505,23.48904192
2005-06,2005,Total,15.132536164,22.533134023
2005-06,2005,65+,12.285544694,18.293815534
2005-06,2005,0-15,14.863941148,22.133182063
2005-06,2005,16-64,15.65085379,23.304935948
2005-07,2005,16-64,15.597336936,23.225246567
2005-07,2005,0-15,14.520554675,21.621861731
2005-07,2005,65+,12.151795344,18.09465579
2005-07,2005,Total,15.043424336,22.400441873
2005-08,2005,0-15,14.070097679,20.951107817
2005-08,2005,16-64,15.395674607,22.924960863
2005-08,2005,65+,11.733506805,17.471802383
2005-08,2005,Total,14.783250337,22.013029246
2005-09,2005,16-64,15.207328802,22.644504154
2005-09,2005,Total,14.542819682,21.655015487
2005-09,2005,65+,11.444248583,17.041081834
2005-09,2005,0-15,13.568354496,20.203986101
2005-10,2005,Total,14.31129238,21.310259282
2005-10,2005,65+,11.175246771,16.640524133
2005-10,2005,0-15,13.138579668,19.564029012
2005-10,2005,16-64,15.012762947,22.35478547
2005-11,2005,Total,14.32465984,21.330164125
2005-11,2005,0-15,12.901515548,19.211028198
2005-11,2005,16-64,15.095113045,22.477409051
2005-11,2005,65+,11.049276943,16.452948503
2005-12,2005,16-64,14.983148697,22.310688309
2005-12,2005,0-15,12.761612288,19.002704962
2005-12,2005,65+,10.957601095,16.316438393
2005-12,2005,Total,14.195587128,21.137968139
2006-01,2006,0-15,17.937285729,25.898487758
2006-01,2006,16-64,17.698400331,25.553576569
2006-01,2006,65+,14.917526131,21.538452011
2006-01,2006,Total,17.339723173,25.035705799
2006-02,2006,65+,14.938319322,21.568473957
2006-02,2006,16-64,17.853738601,25.777859459
2006-02,2006,0-15,17.831640703,25.745953732
2006-02,2006,Total,17.460416719,25.209967409
2006-03,2006,0-15,17.980309313,25.960606731
2006-03,2006,65+,14.847131457,21.43681369
2006-03,2006,16-64,17.848990114,25.771003425
2006-03,2006,Total,17.445674118,25.188681521
2006-04,2006,0-15,18.338204312,26.477348193
2006-04,2006,16-64,17.894617224,25.836881461
2006-04,2006,65+,14.931433806,21.558532405
2006-04,2006,Total,17.516128418,25.290405932
2006-05,2006,65+,14.904151363,21.519141048
2006-05,2006,0-15,17.703536221,25.560991949
2006-05,2006,Total,17.445318392,25.188167911
2006-05,2006,16-64,17.84649497,25.767400848
2006-06,2006,0-15,17.467706177,25.220492188
2006-06,2006,65+,14.825034894,21.404909891
2006-06,2006,16-64,17.818957504,25.727641281
2006-06,2006,Total,17.398353546,25.120358405
2006-07,2006,0-15,17.39836275,25.120371695
2006-07,2006,16-64,17.870464693,25.802009182
2006-07,2006,65+,14.744262365,21.288287656
2006-07,2006,Total,17.427730231,25.162773502
2006-08,2006,Total,17.259995782,24.92059257
2006-08,2006,0-15,16.959576408,24.486836449
2006-08,2006,16-64,17.757262229,25.63856346
2006-08,2006,65+,14.460560994,20.87866958
2006-09,2006,Total,17.119194588,24.717298825
2006-09,2006,65+,14.242778177,20.564227042
2006-09,2006,16-64,17.666805662,25.507959068
2006-09,2006,0-15,16.663862434,24.059874151
2006-10,2006,65+,13.997983626,20.210784009
2006-10,2006,0-15,16.288304589,23.517630447
2006-10,2006,Total,16.975835991,24.51031261
2006-10,2006,16-64,17.582432663,25.386138347
2006-11,2006,Total,17.254839739,24.913148094
2006-11,2006,65+,14.21364628,20.522165379
2006-11,2006,16-64,17.897216234,25.840634004
2006-11,2006,0-15,16.322429916,23.566901802
2006-12,2006,0-15,16.428919818,23.72065569
2006-12,2006,Total,17.262847921,24.92471059
2006-12,2006,65+,14.168156256,20.456485273
2006-12,2006,16-64,17.925962252,25.882138522
2007-01,2007,16-64,19.82332807,28.481359178
2007-01,2007,0-15,20.063969712,28.827103394
2007-01,2007,65+,17.04134154,24.484313006
2007-01,2007,Total,19.455385343,27.95271389
2007-02,2007,Total,19.656196795,28.241231695
2007-02,2007,65+,17.121138756,24.598962431
2007-02,2007,16-64,20.047850884,28.803944512
2007-02,2007,0-15,20.159018941,28.963666297
2007-03,2007,0-15,20.171572833,28.981703224
2007-03,2007,65+,17.047306098,24.492882642
2007-03,2007,16-64,20.014976614,28.756712086
2007-03,2007,Total,19.617293596,28.185337145
2007-04,2007,Total,19.580930471,28.133092073
2007-04,2007,0-15,20.253537388,29.099466595
2007-04,2007,16-64,19.988499557,28.718670916
2007-04,2007,65+,16.997621406,24.421497679
2007-05,2007,16-64,19.96954213,28.691433648
2007-05,2007,65+,16.95830454,24.365008789
2007-05,2007,Total,19.543302855,28.07903023
2007-05,2007,0-15,19.70044046,28.304799211
2007-06,2007,0-15,19.406371342,27.882292549
2007-06,2007,16-64,19.881623896,28.565116273
2007-06,2007,65+,16.828795594,24.178935552
2007-06,2007,Total,19.437190964,27.926572939
2007-07,2007,0-15,19.313491662,27.748846766
2007-07,2007,16-64,19.831564317,28.493192685
2007-07,2007,65+,16.773040958,24.098829537
2007-07,2007,Total,19.393022575,27.863113578
2007-08,2007,Total,19.207069179,27.595943229
2007-08,2007,0-15,18.944145465,27.21818503
2007-08,2007,65+,16.322015839,23.450814816
2007-08,2007,16-64,19.708220924,28.315977868
2007-09,2007,0-15,18.422640526,26.468907742
2007-09,2007,16-64,19.616807166,28.184638263
2007-09,2007,65+,16.147534991,23.200127763
2007-09,2007,Total,19.045259426,27.363461495
2007-10,2007,65+,15.716334543,22.58059633
2007-10,2007,Total,18.814628453,27.032100204
2007-10,2007,0-15,17.845536936,25.639748553
2007-10,2007,16-64,19.468736977,27.97189698
2007-11,2007,0-15,17.736372369,25.482905301
2007-11,2007,16-64,19.72885026,28.345617267
2007-11,2007,65+,15.775481815,22.665576749
2007-11,2007,Total,19.01002519,27.312838365
2007-12,2007,65+,15.685144949,22.535784378
2007-12,2007,16-64,19.668612037,28.259069414
2007-12,2007,0-15,17.760149975,25.517068007
2007-12,2007,Total,18.930081265,27.197978153
2008-01,2008,0-15,22.469715701,30.905928796
2008-01,2008,16-64,22.060932716,30.343668997
2008-01,2008,Total,21.720267222,29.875101275
2008-01,2008,65+,19.305094795,26.553156838
2008-02,2008,Total,21.892392721,30.111850973
2008-02,2008,0-15,22.473615206,30.911292363
2008-02,2008,65+,19.378468222,26.654078182
2008-02,2008,16-64,22.254583132,30.610025103
2008-03,2008,Total,21.996751244,30.25539071
2008-03,2008,65+,19.382469833,26.659582192
2008-03,2008,16-64,22.359824261,30.754778819
2008-03,2008,0-15,22.777031216,31.328625351
2008-04,2008,65+,19.030242261,26.17511143
2008-04,2008,16-64,22.065767151,30.350318512
2008-04,2008,Total,21.650497037,29.779136003
2008-04,2008,0-15,22.120087978,30.425033992
2008-05,2008,Total,21.572112545,29.671322199
2008-05,2008,65+,18.900202488,25.996248466
2008-05,2008,16-64,21.991782659,30.248556679
2008-05,2008,0-15,21.740307665,29.902665865
2008-06,2008,0-15,21.239116801,29.213303821
2008-06,2008,65+,18.5987298,25.581588416
2008-06,2008,16-64,21.874096213,30.086685076
2008-06,2008,Total,21.395133563,29.427896786
2008-07,2008,0-15,20.744020212,28.532324135
2008-07,2008,16-64,21.862621258,30.07090187
2008-07,2008,65+,18.409154039,25.320836787
2008-07,2008,Total,21.315162006,29.317900058
2008-08,2008,0-15,20.588563948,28.318502106
2008-08,2008,16-64,21.764481048,29.9359151
2008-08,2008,Total,21.210975801,29.174597335
2008-08,2008,65+,18.263376672,25.120327579
2008-09,2008,Total,20.840723716,28.665334791
2008-09,2008,65+,17.686945728,24.327476705
2008-09,2008,16-64,21.493479505,29.56316653
2008-09,2008,0-15,19.835741135,27.283033363
2008-10,2008,0-15,19.110448021,26.285430295
2008-10,2008,16-64,21.302427883,29.300384932
2008-10,2008,Total,20.558510077,28.277164565
2008-10,2008,65+,17.210266013,23.671828475
2008-11,2008,16-64,21.530976889,29.614742238
2008-11,2008,0-15,19.120032952,26.29861387
2008-11,2008,Total,20.745359631,28.534166437
2008-11,2008,65+,17.292904738,23.785493756
2008-12,2008,Total,20.486513507,28.178137016
2008-12,2008,16-64,21.313979638,29.316273771
2008-12,2008,65+,17.038181859,23.435135644
2008-12,2008,0-15,18.710779914,25.735707538
2009-01,2009,65+,21.672840326,29.205214439
2009-01,2009,0-15,24.71025196,33.298275469
2009-01,2009,16-64,24.336460189,32.794572739
2009-01,2009,Total,24.006177692,32.349500889
2009-02,2009,0-15,24.516395221,33.037044012
2009-02,2009,Total,24.149253837,32.542303005
2009-02,2009,65+,21.663887623,29.193150234
2009-02,2009,16-64,24.529580964,33.054812447
2009-03,2009,16-64,24.372738997,32.843460211
2009-03,2009,0-15,24.452947338,32.951544881
2009-03,2009,Total,23.9787646,32.312560403
2009-03,2009,65+,21.396779206,28.833208552
2009-04,2009,16-64,24.189829512,32.596980715
2009-04,2009,0-15,24.168502051,32.568240916
2009-04,2009,65+,21.190634963,28.555419082
2009-04,2009,Total,23.773809531,32.036373404
2009-05,2009,16-64,24.063447026,32.426674122
2009-05,2009,Total,23.646925506,31.865390962
2009-05,2009,65+,21.094533734,28.425917967
2009-05,2009,0-15,23.57870809,31.773464651
2009-06,2009,0-15,22.735656452,30.637411253
2009-06,2009,Total,23.271179049,31.359054198
2009-06,2009,65+,20.425553449,27.524434249
2009-06,2009,16-64,23.783052112,32.048828235
2009-07,2009,Total,23.132368203,31.17199978
2009-07,2009,65+,20.130003912,27.126166764
2009-07,2009,16-64,23.698412524,31.934772242
2009-07,2009,0-15,22.229817111,29.955767953
2009-08,2009,Total,23.017435692,31.017122589
2009-08,2009,65+,19.753805798,26.619221369
2009-08,2009,16-64,23.647141605,31.865682166
2009-08,2009,0-15,22.024967061,29.679722471
2009-09,2009,0-15,20.988088515,28.282477818
2009-09,2009,16-64,23.355803954,31.473090404
2009-09,2009,Total,22.603964187,30.459949473
2009-09,2009,65+,19.190634011,25.860319787
2009-10,2009,65+,18.827486759,25.370961069
2009-10,2009,Total,22.337730524,30.101186565
2009-10,2009,16-64,23.14283374,31.186102603
2009-10,2009,0-15,20.398640383,27.488167573
2009-11,2009,0-15,20.16376297,27.171658749
2009-11,2009,65+,18.776692182,25.302512887
2009-11,2009,Total,22.447897637,30.249642149
2009-11,2009,16-64,23.339230526,31.450756898
2009-12,2009,16-64,23.091478705,31.116899177
2009-12,2009,65+,18.471941723,24.891846708
2009-12,2009,Total,22.161036647,29.863082907
2009-12,2009,0-15,19.670309748,26.506706349
2010-01,2010,16-64,26.530757697,35.271579139
2010-01,2010,Total,26.119774404,34.725193321
2010-01,2010,65+,23.594661017,31.368156267
2010-01,2010,0-15,26.296347001,34.959939513
2010-02,2010,Total,26.138211264,34.749704387
2010-02,2010,0-15,25.949597749,34.498950278
2010-02,2010,16-64,26.62536308,35.397353205
2010-02,2010,65+,23.410477996,31.123292321
2010-03,2010,0-15,25.859673242,34.379399249
2010-03,2010,16-64,26.494617443,35.22353212
2010-03,2010,65+,23.191272461,30.831867347
2010-03,2010,Total,25.990025198,34.552696951
2010-04,2010,Total,25.899129441,34.431854685
2010-04,2010,0-15,25.738062542,34.217722697
2010-04,2010,16-64,26.42886073,35.136111205
2010-04,2010,65+,23.034072773,30.622876662
2010-05,2010,0-15,25.301831158,33.637770554
2010-05,2010,16-64,26.138152683,34.749626506
2010-05,2010,Total,25.606906466,34.04335595
2010-05,2010,65+,22.665924737,30.133438601
2010-06,2010,0-15,24.527006145,32.607671751
2010-06,2010,16-64,25.935283281,34.479919767
2010-06,2010,65+,22.138164892,29.431803037
2010-06,2010,Total,25.306488048,33.643961703
2010-07,2010,16-64,25.821256116,34.32832522
2010-07,2010,0-15,23.993152338,31.897934509
2010-07,2010,65+,21.890522811,29.102572815
2010-07,2010,Total,25.148300283,33.433657409
2010-08,2010,0-15,23.399133019,31.10820963
2010-08,2010,Total,24.776042996,32.938756264
2010-08,2010,65+,21.323155378,28.34828055
2010-08,2010,16-64,25.505982179,33.909181156
2010-09,2010,65+,20.680398311,27.493760788
2010-09,2010,Total,24.336049822,32.353802972
2010-09,2010,16-64,25.137630998,33.419473023
2010-09,2010,0-15,22.69056162,30.16619235
2010-10,2010,Total,24.074072097,32.005514086
2010-10,2010,65+,20.234236155,26.900606082
2010-10,2010,16-64,24.965121237,33.190128209
2010-10,2010,0-15,22.046681743,29.310179857
2010-11,2010,16-64,25.055120822,33.30977905
2010-11,2010,Total,24.060472522,31.987433995
2010-11,2010,0-15,21.677496906,28.819363411
2010-11,2010,65+,19.988515915,26.57393087
2010-12,2010,16-64,24.790307259,32.95772003
2010-12,2010,65+,19.590238519,26.044437033
2010-12,2010,Total,23.743377319,31.565868631
2010-12,2010,0-15,21.184526476,28.163978981
2011-01,2011,0-15,28.152259253,36.793164146
2011-01,2011,16-64,28.360909986,37.065857026
2011-01,2011,65+,25.364066661,33.149178533
2011-01,2011,Total,27.929384698,36.501881659
2011-02,2011,Total,27.97879763,36.566461134
2011-02,2011,16-64,28.471273163,37.210094491
2011-02,2011,0-15,27.927183212,36.49900446
2011-02,2011,65+,25.203119088,32.938830567
2011-03,2011,0-15,27.733648681,36.246067469
2011-03,2011,16-64,28.369302613,37.076825642
2011-03,2011,Total,27.865656616,36.418593218
2011-03,2011,65+,25.071341602,32.766605999
2011-04,2011,16-64,28.265121702,36.940667995
2011-04,2011,65+,24.80266635,32.415464993
2011-04,2011,Total,27.737047341,36.250509295
2011-04,2011,0-15,27.850422121,36.398682728
2011-05,2011,Total,27.33344945,35.723033212
2011-05,2011,0-15,26.672310098,34.858967259
2011-05,2011,16-64,27.942431672,36.518933202
2011-05,2011,65+,24.306000723,31.766355456
2011-06,2011,Total,27.02184881,35.315791527
2011-06,2011,16-64,27.700360525,36.202562023
2011-06,2011,65+,23.817228653,31.127562284
2011-06,2011,0-15,26.012227524,33.996282447
2011-07,2011,0-15,25.682630621,33.565520821
2011-07,2011,16-64,27.622189296,36.100397333
2011-07,2011,65+,23.574510636,30.810345688
2011-07,2011,Total,26.911970463,35.172187704
2011-08,2011,65+,22.691086886,29.655768545
2011-08,2011,16-64,27.229568293,35.587267325
2011-08,2011,Total,26.396475804,34.498469853
2011-08,2011,0-15,24.805275441,32.418874904
2011-09,2011,0-15,23.981934369,31.342821897
2011-09,2011,Total,25.962461274,33.931241209
2011-09,2011,65+,22.054339806,28.823581699
2011-09,2011,16-64,26.875925491,35.12507928
2011-10,2011,65+,21.576946991,28.19966047
2011-10,2011,Total,25.651980819,33.525463532
2011-10,2011,0-15,23.218329278,30.344839917
2011-10,2011,16-64,26.651270547,34.83146994
2011-11,2011,65+,21.2938739,27.829702428
2011-11,2011,0-15,22.894309574,29.921367326
2011-11,2011,Total,25.666064349,33.543869786
2011-11,2011,16-64,26.766796684,34.982455056
2011-12,2011,65+,20.827786212,27.220556261
2011-12,2011,0-15,22.264577198,29.09834824
2011-12,2011,16-64,26.365532509,34.458028987
2011-12,2011,Total,25.21474661,32.954026978
2012-01,2012,0-15,29.832947606,38.103009135
2012-01,2012,16-64,30.326515281,38.733399865
2012-01,2012,65+,27.107105343,34.621529731
2012-01,2012,Total,29.827182094,38.095645351
2012-02,2012,0-15,29.790297155,38.048535452
2012-02,2012,65+,27.377655228,34.967079385
2012-02,2012,Total,30.00678004,38.325030066
2012-02,2012,16-64,30.512410768,38.970827878
2012-03,2012,16-64,30.305834036,38.706985524
2012-03,2012,65+,26.95018394,34.421107776
2012-03,2012,Total,29.757675203,38.006870292
2012-03,2012,0-15,29.704532782,37.938996135
2012-04,2012,Total,29.541836924,37.731198976
2012-04,2012,65+,26.692157432,34.091553134
2012-04,2012,16-64,30.124937001,38.475941596
2012-04,2012,0-15,29.415422593,37.569741032
2012-05,2012,Total,29.156950224,37.23961693
2012-05,2012,0-15,28.514743961,36.419383159
2012-05,2012,65+,26.147128694,33.395435698
2012-05,2012,16-64,29.784037031,38.040539945
2012-06,2012,0-15,27.94708187,35.694358125
2012-06,2012,16-64,29.464808632,37.63281749
2012-06,2012,65+,25.689666557,32.811159407
2012-06,2012,Total,28.798477517,36.781771161
2012-07,2012,0-15,27.22377375,34.770540061
2012-07,2012,16-64,29.306915868,37.431154902
2012-07,2012,65+,25.272577889,32.278448609
2012-07,2012,Total,28.561997188,36.479735564
2012-08,2012,16-64,28.9842984,37.019103888
2012-08,2012,0-15,26.397271574,33.714921274
2012-08,2012,65+,24.476744551,31.262000442
2012-08,2012,Total,28.125522744,35.922265014
2012-09,2012,16-64,28.752562121,36.72312745
2012-09,2012,0-15,25.67237213,32.789070751
2012-09,2012,65+,23.823649792,30.42785975
2012-09,2012,Total,27.774273465,35.473645096
2012-10,2012,Total,27.335343291,34.913038057
2012-10,2012,65+,23.062799761,29.456092692
2012-10,2012,16-64,28.430404881,36.311664244
2012-10,2012,0-15,24.752088626,31.613673294
2012-11,2012,Total,27.109650678,34.624780665
2012-11,2012,16-64,28.282514019,36.122776208
2012-11,2012,65+,22.615713517,28.88506862
2012-11,2012,0-15,24.348009053,31.097577873
2012-12,2012,0-15,23.963037799,30.605887834
2012-12,2012,16-64,27.90087165,35.635337862
2012-12,2012,Total,26.666003805,34.058149399
2012-12,2012,65+,22.047255932,28.159027571
2013-01,2013,65+,28.820975671,36.171466354
2013-01,2013,16-64,31.951625284,40.100555655
2013-01,2013,0-15,31.044436619,38.961997937
2013-01,2013,Total,31.416033194,39.428366362
2013-02,2013,65+,28.926813652,36.304297214
2013-02,2013,16-64,32.166634327,40.370400522
2013-02,2013,Total,31.608838883,39.67034514
2013-02,2013,0-15,31.266738839,39.240996031
2013-03,2013,0-15,31.315483784,39.302172868
2013-03,2013,16-64,31.980877837,40.137268768
2013-03,2013,Total,31.367103928,39.366958194
2013-03,2013,65+,28.444383833,35.698828676
2013-04,2013,0-15,30.494881828,38.272284901
2013-04,2013,16-64,31.616994949,39.680581326
2013-04,2013,65+,27.97198376,35.105947869
2013-04,2013,Total,30.952592317,38.846729699
2013-05,2013,Total,30.8137117,38.672429023
2013-05,2013,65+,27.652582034,34.705086048
2013-05,2013,16-64,31.523651942,39.563432154
2013-05,2013,0-15,29.853408266,37.467210166
2013-06,2013,0-15,29.32116051,36.799218144
2013-06,2013,16-64,31.302119286,39.285399893
2013-06,2013,65+,27.248654787,34.198141349
2013-06,2013,Total,30.53258619,38.31960537
2013-07,2013,0-15,28.560832439,35.84497629
2013-07,2013,65+,26.394200231,33.125767028
2013-07,2013,Total,30.128216845,37.81210582
2013-07,2013,16-64,31.018745216,38.929754208
2013-08,2013,Total,29.835452102,37.444674468
2013-08,2013,65+,25.872447276,32.470946398
2013-08,2013,16-64,30.777695931,38.627227805
2013-08,2013,0-15,28.175489422,35.361355537
2013-09,2013,Total,29.285570609,36.754551408
2013-09,2013,65+,25.044652091,31.432030644
2013-09,2013,16-64,30.337405471,38.074645834
2013-09,2013,0-15,27.272508258,34.2280784
2013-10,2013,0-15,26.550277106,33.32164969
2013-10,2013,65+,24.288291568,30.482768219
2013-10,2013,Total,28.941045511,36.32215876
2013-10,2013,16-64,30.117536733,37.798701857
2013-11,2013,0-15,26.176472218,32.852509745
2013-11,2013,16-64,30.127210406,37.810842699
2013-11,2013,65+,24.108316336,30.256892173
2013-11,2013,Total,28.865630093,36.227509423
2013-12,2013,Total,28.158248174,35.339717088
2013-12,2013,16-64,29.517007148,37.045013434
2013-12,2013,65+,23.257609983,29.189221996
2013-12,2013,0-15,25.219114761,31.650988206
2014-01,2014,0-15,32.829986037,40.765849787
2014-01,2014,16-64,33.924115749,42.124459183
2014-01,2014,65+,30.707465511,38.1302607
2014-01,2014,Total,33.342231701,41.401918586
2014-02,2014,0-15,33.082675813,41.079621272
2014-02,2014,65+,30.665255727,38.077847711
2014-02,2014,Total,33.533491233,41.639410535
2014-02,2014,16-64,34.169905313,42.429662494
2014-03,2014,0-15,32.917121925,40.874048692
2014-03,2014,16-64,33.879847389,42.069490006
2014-03,2014,65+,30.234279835,37.542693707
2014-03,2014,Total,33.199823543,41.225086664
2014-04,2014,16-64,33.584993064,41.703361702
2014-04,2014,65+,29.719358472,36.903302423
2014-04,2014,0-15,32.236389096,40.028764986
2014-04,2014,Total,32.835466659,40.772655219
2014-05,2014,Total,32.521734767,40.383086147
2014-05,2014,65+,29.107407747,36.143427249
2014-05,2014,16-64,33.340735243,41.400060396
2014-05,2014,0-15,31.442073123,39.042442129
2014-06,2014,0-15,30.787731858,38.229929517
2014-06,2014,16-64,32.938572495,40.900684424
2014-06,2014,65+,28.469234409,35.350990773
2014-06,2014,Total,32.060228854,39.81002222
2014-07,2014,0-15,29.616807843,36.775962632
2014-07,2014,65+,27.42107568,34.049464746
2014-07,2014,Total,31.29944335,38.86533502
2014-07,2014,16-64,32.257802077,40.055354043
2014-08,2014,65+,26.834548332,33.321158443
2014-08,2014,16-64,31.990864616,39.723890836
2014-08,2014,0-15,29.213270226,36.274879449
2014-08,2014,Total,30.978099791,38.466314344
2014-09,2014,65+,25.803588546,32.040988792
2014-09,2014,16-64,31.572823553,39.204798347
2014-09,2014,0-15,28.316055529,35.160784564
2014-09,2014,Total,30.403563625,37.752897803
2014-10,2014,0-15,27.69807271,34.393419181
2014-10,2014,16-64,31.327387886,38.900034479
2014-10,2014,Total,30.032683036,37.292365704
2014-10,2014,65+,25.069222138,31.129106872
2014-11,2014,16-64,31.219870318,38.766527111
2014-11,2014,0-15,27.377757221,33.995675086
2014-11,2014,Total,29.852127287,37.068164923
2014-11,2014,65+,24.690824904,30.659241159
2014-12,2014,65+,23.669766717,29.391366582
2014-12,2014,16-64,30.451985861,37.813024956
2014-12,2014,0-15,26.305062216,32.663681724
2014-12,2014,Total,28.986935557,35.99383379
2015-01,2015,Total,34.302660222,42.355911586
2015-01,2015,16-64,34.892518669,43.084251371
2015-01,2015,65+,31.738862762,39.190210213
2015-01,2015,0-15,33.861228126,41.810844273
2015-02,2015,65+,31.99826613,39.510513829
2015-02,2015,Total,34.593477852,42.715004604
2015-02,2015,0-15,34.121927456,42.132748105
2015-02,2015,16-64,35.194467607,43.457089001
2015-03,2015,65+,31.604226128,39.023964874
2015-03,2015,Total,34.431697378,42.515242854
2015-03,2015,16-64,35.096550862,43.336184297
2015-03,2015,0-15,33.936569163,41.90387316
2015-04,2015,16-64,34.85368535,43.036301136
2015-04,2015,0-15,33.618990798,41.511736775
2015-04,2015,Total,34.042973642,42.035258267
2015-04,2015,65+,30.815296357,38.049817696
2015-05,2015,65+,30.622068747,37.811225952
2015-05,2015,16-64,34.674918965,42.815565685
2015-05,2015,0-15,33.146683008,40.928545068
2015-05,2015,Total,33.884918219,41.8400961
2015-06,2015,65+,29.885209566,36.901374001
2015-06,2015,16-64,34.401401799,42.477834768
2015-06,2015,0-15,32.411566178,40.02084452
2015-06,2015,Total,33.507443301,41.374001221
2015-07,2015,0-15,32.152208374,39.700597165
2015-07,2015,16-64,34.401610986,42.478093065
2015-07,2015,65+,29.298214492,36.176569823
2015-07,2015,Total,33.403897483,41.246145904
2015-08,2015,0-15,31.93715234,39.435052326
2015-08,2015,16-64,34.194076364,42.221835445
2015-08,2015,65+,28.781780445,35.538892316
2015-08,2015,Total,33.1527351,40.936018011
2015-09,2015,Total,32.703968776,40.381894611
2015-09,2015,0-15,30.977783261,38.250451727
2015-09,2015,16-64,33.93566709,41.902759306
2015-09,2015,65+,27.848897938,34.386996553
2015-10,2015,16-64,34.002362918,41.985113344
2015-10,2015,0-15,30.75313417,37.973061664
2015-10,2015,Total,32.622565209,40.281379891
2015-10,2015,65+,27.328171689,33.744019163
2015-11,2015,Total,32.496653776,40.125908173
2015-11,2015,65+,26.988406521,33.324487169
2015-11,2015,16-64,33.974894711,41.951196414
2015-11,2015,0-15,30.390825998,37.525694236
2015-12,2015,Total,31.832849747,39.306262566
2015-12,2015,65+,26.059820373,32.177896423
2015-12,2015,16-64,33.427167079,41.274878513
2015-12,2015,0-15,29.673368606,36.639799041
2016-01,2016,Total,35.970309451,44.095598484
2016-01,2016,16-64,36.599677644,44.867133886
2016-01,2016,65+,33.390441106,40.932966846
2016-01,2016,0-15,35.503037529,43.522775081
2016-02,2016,0-15,35.624358073,43.671500574
2016-02,2016,Total,36.156973595,44.324427962
2016-02,2016,65+,33.274765576,40.791161513
2016-02,2016,16-64,36.877490702,45.207701794
2016-03,2016,0-15,35.609718686,43.653554314
2016-03,2016,16-64,36.86027663,45.186599256
2016-03,2016,Total,36.125473962,44.285812916
2016-03,2016,65+,33.179068159,40.673847124
2016-04,2016,0-15,35.423618262,43.425415894
2016-04,2016,16-64,36.631132453,44.905693983
2016-04,2016,65+,32.619424845,39.987786669
2016-04,2016,Total,35.80336817,43.890947042
2016-05,2016,0-15,34.882982139,42.762656141
2016-05,2016,16-64,36.37152774,44.58744748
2016-05,2016,65+,32.06266534,39.305261443
2016-05,2016,Total,35.492885303,43.510329581
2016-06,2016,65+,31.431637431,38.531691414
2016-06,2016,Total,35.139389299,43.076982799
2016-06,2016,0-15,34.18973123,41.912807636
2016-06,2016,16-64,36.078022884,44.227643172
2016-07,2016,Total,35.031288252,42.944462939
2016-07,2016,65+,30.941374484,37.930683572
2016-07,2016,16-64,36.038008485,44.178589969
2016-07,2016,0-15,34.085889374,41.785509069
2016-08,2016,16-64,35.724224357,43.793925531
2016-08,2016,0-15,33.375526505,40.914683204
2016-08,2016,Total,34.597156776,42.412266037
2016-08,2016,65+,30.105467335,36.905954384
2016-09,2016,0-15,32.758129685,40.157823376
2016-09,2016,Total,34.24682727,41.98280103
2016-09,2016,65+,29.32572331,35.950074939
2016-09,2016,16-64,35.526332631,43.551332286
2016-10,2016,0-15,32.405446369,39.725472858
2016-10,2016,Total,34.066384054,41.761597717
2016-10,2016,65+,28.830464537,35.342942769
2016-10,2016,16-64,35.482350848,43.497415512
2016-11,2016,Total,34.006786424,41.688537652
2016-11,2016,16-64,35.630365452,43.678864953
2016-11,2016,0-15,31.842286045,39.03510094
2016-11,2016,65+,28.305157102,34.698974283
2016-12,2016,65+,27.579453498,33.809342383
2016-12,2016,Total,33.467570428,41.027518816
2016-12,2016,0-15,31.268398107,38.33157816
2016-12,2016,16-64,35.162733341,43.105599998
2017-01,2017,0-15,36.648682642,44.51976711
2017-01,2017,Total,37.606790027,45.683648444
2017-01,2017,16-64,38.36248804,46.601648688
2017-01,2017,65+,34.866971632,42.355395747
2017-02,2017,65+,35.0839279,42.61894799
2017-02,2017,0-15,37.079718867,45.043377537
2017-02,2017,Total,37.967843012,46.122245242
2017-02,2017,16-64,38.762373989,47.087418653
2017-03,2017,Total,37.801157682,45.919760689
2017-03,2017,0-15,37.17296758,45.156653396
2017-03,2017,16-64,38.616442365,46.910145107
2017-03,2017,65+,34.739155884,42.200128847
2017-04,2017,Total,37.48496929,45.535664113
2017-04,2017,16-64,38.427771578,46.680953254
2017-04,2017,65+,34.165212504,41.502918913
2017-04,2017,0-15,36.970086418,44.910199186
2017-05,2017,Total,37.173073109,45.156781589
2017-05,2017,16-64,38.170826376,46.368823603
2017-05,2017,0-15,36.374999757,44.187305003
2017-05,2017,65+,33.559084811,40.7666124
2017-06,2017,Total,36.692744905,44.573292683
2017-06,2017,16-64,37.781314344,45.895655573
2017-06,2017,0-15,35.451133732,43.065019089
2017-06,2017,65+,32.716695,39.743301451
2017-07,2017,65+,32.37862861,39.33262811
2017-07,2017,0-15,35.260400462,42.833321791
2017-07,2017,16-64,37.731095967,45.83465173
2017-07,2017,Total,36.591175138,44.449908647
2017-08,2017,Total,36.158593464,43.924420853
2017-08,2017,65+,31.613452093,38.403113654
2017-08,2017,16-64,37.380130955,45.408309514
2017-08,2017,0-15,34.711151034,42.16610936
2017-09,2017,Total,35.74760111,43.425159145
2017-09,2017,65+,30.754334103,37.359481793
2017-09,2017,16-64,37.110675701,45.08098301
2017-09,2017,0-15,34.224015209,41.57435075
2017-10,2017,65+,30.174051206,36.654570796
2017-10,2017,Total,35.624909725,43.276117174
2017-10,2017,0-15,33.333868249,40.493025788
2017-10,2017,16-64,37.236414131,45.233726444
2017-11,2017,16-64,37.203266744,45.19345995
2017-11,2017,0-15,33.203321059,40.334440812
2017-11,2017,Total,35.466712708,43.083943982
2017-11,2017,65+,29.622270182,35.984283055
2017-12,2017,Total,34.921210238,42.421283248
2017-12,2017,65+,28.774474674,34.954405421
2017-12,2017,16-64,36.760977158,44.656179264
2017-12,2017,0-15,32.514326102,39.497469526
2018-01,2018,65+,36.708792952,44.120475127
2018-01,2018,0-15,38.336169263,46.076426556
2018-01,2018,Total,39.309798571,47.246636312
2018-01,2018,16-64,40.056563391,48.144176548
2018-02,2018,16-64,40.486365963,48.660758329
2018-02,2018,65+,36.959175563,44.421411193
2018-02,2018,0-15,38.776504713,46.605667855
2018-02,2018,Total,39.699632984,47.715180171
2018-03,2018,0-15,38.782162245,46.61246767
2018-03,2018,16-64,40.260850766,48.389710527
2018-03,2018,65+,36.831975757,44.268529133
2018-03,2018,Total,39.507904292,47.484740532
2018-04,2018,65+,35.908953322,43.159144021
2018-04,2018,Total,39.042893196,46.925841456
2018-04,2018,0-15,38.103211476,45.796433468
2018-04,2018,16-64,39.967844784,48.037545227
2018-05,2018,16-64,39.6293722,47.630733397
2018-05,2018,65+,35.16201156,42.261391118
2018-05,2018,0-15,37.095232941,44.584939211
2018-05,2018,Total,38.563463251,46.349612295
2018-06,2018,0-15,36.53516035,43.911785265
2018-06,2018,16-64,39.283841879,47.215438839
2018-06,2018,65+,34.67481591,41.675828319
2018-06,2018,Total,38.230163768,45.949018041
2018-07,2018,Total,37.596520276,45.187438874
2018-07,2018,65+,33.561680032,40.337944944
2018-07,2018,16-64,38.764883529,46.591700298
2018-07,2018,0-15,35.945697369,43.203306868
2018-08,2018,Total,37.353704698,44.895597661
2018-08,2018,0-15,35.621693353,42.81388488
2018-08,2018,65+,32.764406247,39.37969774
2018-08,2018,16-64,38.641877265,46.443858476
2018-09,2018,16-64,38.430318235,46.189584659
2018-09,2018,65+,31.99399928,38.453741894
2018-09,2018,Total,36.97937351,44.445687202
2018-09,2018,0-15,34.994336588,42.059861761
2018-10,2018,16-64,38.139932158,45.840568234
2018-10,2018,0-15,34.328525252,41.259619908
2018-10,2018,Total,36.533058553,43.909259105
2018-10,2018,65+,31.152401914,37.442221964
2018-11,2018,Total,36.422891478,43.776848767
2018-11,2018,65+,30.739918938,36.946456689
2018-11,2018,16-64,38.176513153,45.884535107
2018-11,2018,0-15,33.795496073,40.61896957
2018-12,2018,Total,35.710640799,42.920791244
2018-12,2018,0-15,33.227243307,39.935983832
2018-12,2018,65+,29.69460916,35.69009383
2018-12,2018,16-64,37.585549466,45.174253005
2019-01,2019,0-15,39.294856987,46.47071464
2019-01,2019,16-64,41.195290563,48.718197217
2019-01,2019,Total,40.443724258,47.829383108
2019-01,2019,65+,37.939853144,44.868265827
2019-02,2019,16-64,41.606933454,49.205012561
2019-02,2019,0-15,39.536023591,46.755922052
2019-02,2019,Total,40.833848463,48.290750116
2019-02,2019,65+,38.37304238,45.380562218
2019-03,2019,16-64,41.340070546,48.889416297
2019-03,2019,0-15,39.561184475,46.785677708
2019-03,2019,Total,40.587744843,47.999704112
2019-03,2019,65+,38.066319008,45.017826343
2019-04,2019,Total,40.084537633,47.404603368
2019-04,2019,16-64,41.066238532,48.56557826
2019-04,2019,65+,36.988943544,43.74370521
2019-04,2019,0-15,38.976653748,46.094402496
2019-05,2019,0-15,37.963802523,44.896588739
2019-05,2019,65+,36.230441108,42.846688323
2019-05,2019,Total,39.544905276,46.766425672
2019-05,2019,16-64,40.626783926,48.045872344
2019-06,2019,Total,39.271720198,46.443352711
2019-06,2019,16-64,40.316409317,47.67881846
2019-06,2019,65+,35.819260229,42.360419361
2019-06,2019,0-15,37.699215479,44.583683948
2019-07,2019,Total,38.537957458,45.575593377
2019-07,2019,65+,34.322189272,40.589959751
2019-07,2019,16-64,39.800955318,47.069234471
2019-07,2019,0-15,36.644529508,43.336395764
2019-08,2019,0-15,36.548480701,43.222806938
2019-08,2019,16-64,39.711192974,46.963080113
2019-08,2019,65+,33.591473716,39.725804064
2019-08,2019,Total,38.34119319,45.342896865
2019-09,2019,Total,37.841908138,44.752434527
2019-09,2019,0-15,35.912053416,42.470158041
2019-09,2019,16-64,39.331484242,46.514030607
2019-09,2019,65+,32.835037777,38.83123105
2019-10,2019,65+,32.100822323,37.96293633
2019-10,2019,0-15,35.189713964,41.615908068
2019-10,2019,16-64,39.25758133,46.426631864
2019-10,2019,Total,37.568590005,44.429204212
2019-11,2019,Total,37.343592635,44.163118791
2019-11,2019,65+,31.467860158,37.214385338
2019-11,2019,16-64,39.176204409,46.330394239
2019-11,2019,0-15,34.857206442,41.222679453
2019-12,2019,65+,30.222903423,35.742079963
2019-12,2019,Total,36.436858312,43.090800549
2019-12,2019,16-64,38.40605359,45.419601793
2019-12,2019,0-15,33.981951682,40.187589436
2020-01,2020,Total,41.24207131,47.058531374
2020-01,2020,0-15,40.115267114,45.772811503
2020-01,2020,16-64,42.049038917,47.979307398
2020-01,2020,65+,38.608922112,44.054023351
2020-02,2020,0-15,40.184004146,45.85124267
2020-02,2020,Total,41.511420718,47.365867723
2020-02,2020,65+,38.695340589,44.152629617
2020-02,2020,16-64,42.417684876,48.399944308
2020-03,2020,Total,40.950002284,46.725271211
2020-03,2020,16-64,41.742533289,47.629574608
2020-03,2020,0-15,39.996013633,45.636739442
2020-03,2020,65+,38.354408449,43.763615066
2020-04,2020,65+,39.110152647,44.625943531
2020-04,2020,16-64,42.532950375,48.531465954
2020-04,2020,0-15,38.559626657,43.99777565
2020-04,2020,Total,41.538148773,47.396365294
2020-05,2020,0-15,39.371387586,44.924021008
2020-05,2020,16-64,43.02344095,49.091131494
2020-05,2020,65+,39.921504563,45.551722193
2020-05,2020,Total,42.193002401,48.14357437
2020-06,2020,0-15,39.736531588,45.340662072
2020-06,2020,16-64,42.888836896,48.937543934
2020-06,2020,65+,38.946107277,44.438762482
2020-06,2020,Total,41.90159325,47.811067144
2020-07,2020,65+,37.619508036,42.925070031
2020-07,2020,0-15,39.708028414,45.308139033
2020-07,2020,16-64,42.235391058,48.191941192
2020-07,2020,Total,41.187940204,46.996766039
2020-08,2020,0-15,39.764679953,45.372780264
2020-08,2020,Total,40.993235826,46.774602074
2020-08,2020,16-64,42.151851973,48.096620406
2020-08,2020,65+,36.890170547,42.092872471
2020-09,2020,Total,40.615666483,46.343783296
2020-09,2020,16-64,41.967038764,47.885742584
2020-09,2020,0-15,38.855892147,44.335824113
2020-09,2020,65+,36.113782023,41.206988165
2020-10,2020,0-15,37.260634599,42.515583883
2020-10,2020,65+,34.415215692,39.268869287
2020-10,2020,Total,39.254385937,44.790518359
2020-10,2020,16-64,40.753774851,46.501369392
2020-11,2020,16-64,40.473349,46.181394465
2020-11,2020,0-15,36.795418125,41.984756906
2020-11,2020,65+,33.760691248,38.52203582
2020-11,2020,Total,38.838519842,44.316001754
2020-12,2020,Total,37.884194744,43.227086088
2020-12,2020,65+,32.469863618,37.049159929
2020-12,2020,16-64,39.658621833,45.251764533
2020-12,2020,0-15,35.790919605,40.83859175
2021-01,2021,0-15,41.574513876,46.243844476
2021-01,2021,16-64,43.372152541,48.24338013
2021-01,2021,65+,40.382616977,44.918082856
2021-01,2021,Total,42.656567839,47.447426442
2021-02,2021,Total,43.151529544,47.99797845
2021-02,2021,0-15,41.791721269,46.485446937
2021-02,2021,16-64,43.99650848,48.93785894
2021-02,2021,65+,40.591701191,45.150649806
2021-03,2021,0-15,41.521546621,46.184928344
2021-03,2021,16-64,43.696823715,48.604515881
2021-03,2021,65+,40.262837635,44.784850817
2021-03,2021,Total,42.83951301,47.650918611
2021-04,2021,0-15,41.104844144,45.72142504
2021-04,2021,16-64,43.278253757,48.138935356
2021-04,2021,Total,42.300062331,47.050880969
2021-04,2021,65+,39.363949057,43.785005967
2021-05,2021,Total,41.893224379,46.598350098
2021-05,2021,65+,38.681713336,43.026146761
2021-05,2021,16-64,42.960199117,47.785159256
2021-05,2021,0-15,40.386575677,44.922486167
2021-06,2021,Total,41.378313384,46.025608248
2021-06,2021,16-64,42.505636937,47.279544138
2021-06,2021,0-15,39.939469,44.425163897
2021-06,2021,65+,37.822644885,42.070594329
2021-07,2021,0-15,39.670285951,44.125748272
2021-07,2021,Total,41.02333491,45.630761314
2021-07,2021,65+,36.907691808,41.052880739
2021-07,2021,16-64,42.245816201,46.99054233
2021-08,2021,0-15,39.060424643,43.447392018
2021-08,2021,Total,40.71735123,45.290411894
2021-08,2021,16-64,42.030179436,46.750686897
2021-08,2021,65+,36.235959073,40.305704133
2021-09,2021,Total,40.424739047,44.964935754
2021-09,2021,65+,35.363878503,39.335678161
2021-09,2021,16-64,41.923417193,46.631933938
2021-09,2021,0-15,38.726767114,43.076260633
2021-10,2021,0-15,38.600987255,42.936354146
2021-10,2021,65+,34.956314503,38.882339698
2021-10,2021,Total,40.300019066,44.826208181
2021-10,2021,16-64,41.914985303,46.622555042
2021-11,2021,0-15,38.31811652,42.621713538
2021-11,2021,16-64,41.670382244,46.350480043
2021-11,2021,Total,39.953174681,44.440408894
2021-11,2021,65+,34.411408753,38.276234312
2021-12,2021,0-15,37.654303203,41.8833458
2021-12,2021,16-64,40.743875488,45.319915153
2021-12,2021,65+,33.01485998,36.722835891
2021-12,2021,Total,38.896053648,43.264560133
2022-01,2022,0-15,44.08205534,47.477588073
2022-01,2022,16-64,45.070870056,48.542568764
2022-01,2022,Total,44.398417805,47.818319164
2022-01,2022,65+,42.097054416,45.33968739
2022-02,2022,65+,42.618154656,45.900926705
2022-02,2022,16-64,45.823464165,49.353133353
2022-02,2022,0-15,44.444125723,47.867547851
2022-02,2022,Total,45.07488226,48.546890018
2022-03,2022,0-15,44.2000457,47.604666942
2022-03,2022,Total,44.694644198,48.13736315
2022-03,2022,65+,42.285827736,45.543001457
2022-03,2022,16-64,45.427697312,48.926881549
2022-04,2022,Total,44.202171421,47.606956401
2022-04,2022,0-15,44.099681215,47.496571626
2022-04,2022,16-64,44.991148777,48.45670675
2022-04,2022,65+,41.5722089,44.77441431
2022-05,2022,Total,43.556680693,46.911745104
2022-05,2022,65+,40.69816415,43.833044035
2022-05,2022,16-64,44.467295156,47.892501969
2022-05,2022,0-15,42.639155114,45.923544777
2022-06,2022,65+,39.952028237,43.0294351
2022-06,2022,16-64,43.962857031,47.34920821
2022-06,2022,0-15,41.949589573,45.180863692
2022-06,2022,Total,43.011293874,46.324348474
2022-07,2022,65+,38.706419889,41.687880592
2022-07,2022,Total,42.290026046,45.547523152
2022-07,2022,16-64,43.428744941,46.773954774
2022-07,2022,0-15,40.764140806,43.90410271
2022-08,2022,Total,41.980974446,45.214666065
2022-08,2022,65+,37.899026263,40.818295413
2022-08,2022,0-15,40.146831137,43.23924319
2022-08,2022,16-64,43.296953007,46.632011231
2022-09,2022,65+,36.912708058,39.756003533
2022-09,2022,0-15,39.882851273,42.954929604
2022-09,2022,Total,41.332878345,44.516648709
2022-09,2022,16-64,42.736892586,46.028810728
2022-10,2022,16-64,42.210780436,45.462173447
2022-10,2022,65+,36.348109888,39.147915749
2022-10,2022,Total,40.810132038,43.953636534
2022-10,2022,0-15,39.541333547,42.587105604
2022-11,2022,0-15,38.88436964,41.879537376
2022-11,2022,16-64,41.923870654,45.153163708
2022-11,2022,Total,40.365326464,43.474568677
2022-11,2022,65+,35.639442542,38.384661494
2022-12,2022,Total,39.319278334,42.347946022
2022-12,2022,65+,34.125811161,36.754438795
2022-12,2022,16-64,41.041646847,44.202984362
2022-12,2022,0-15,38.032237781,40.961767888
2023-01,2023,0-15,43.795887566,43.795887566
2023-01,2023,65+,41.74820056,41.74820056
2023-01,2023,Total,44.100188892,44.100188892
2023-01,2023,16-64,44.834527204,44.834527204
2023-02,2023,Total,44.774298854,44.774298854
2023-02,2023,65+,42.285842759,42.285842759
2023-02,2023,0-15,44.095830529,44.095830529
2023-02,2023,16-64,45.574862026,45.574862026
2023-03,2023,Total,44.365236707,44.365236707
2023-03,2023,65+,41.82087162,41.82087162
2023-03,2023,16-64,45.149372,45.149372
2023-03,2023,0-15,43.961194358,43.961194358
2023-04,2023,Total,43.653744924,43.653744924
2023-04,2023,16-64,44.509839566,44.509839566
2023-04,2023,0-15,43.831842365,43.831842365
2023-04,2023,65+,40.826887451,40.826887451
2023-05,2023,65+,40.242073122,40.242073122
2023-05,2023,16-64,44.324733532,44.324733532
2023-05,2023,0-15,42.949266613,42.949266613
2023-05,2023,Total,43.357083,43.357083
2023-06,2023,Total,42.894783586,42.894783586
2023-06,2023,65+,39.421327495,39.421327495
2023-06,2023,16-64,43.937963325,43.937963325
2023-06,2023,0-15,42.410860012,42.410860012
2023-07,2023,Total,42.139354492,42.139354492
2023-07,2023,65+,38.407676832,38.407676832
2023-07,2023,16-64,43.25281335,43.25281335
2023-07,2023,0-15,41.560932846,41.560932846
2023-08,2023,0-15,41.146283429,41.146283429
2023-08,2023,16-64,43.45737578,43.45737578
2023-08,2023,65+,37.815051205,37.815051205
2023-08,2023,Total,42.134848882,42.134848882
2023-09,2023,Total,41.75429459,41.75429459
2023-09,2023,16-64,43.189977508,43.189977508
2023-09,2023,0-15,40.45802095,40.45802095
2023-09,2023,65+,37.176745526,37.176745526
2023-10,2023,0-15,39.936249623,39.936249623
2023-10,2023,16-64,42.876180771,42.876180771
2023-10,2023,Total,41.299786105,41.299786105
2023-10,2023,65+,36.353451421,36.353451421
2023-11,2023,65+,38.422204335,38.422204335
2023-11,2023,16-64,43.360607408,43.360607408
2023-11,2023,0-15,41.929144304,41.929144304
2023-11,2023,Total,42.28317042,42.28317042
2023-12,2023,16-64,42.873260515,42.873260515
2023-12,2023,65+,37.424905062,37.424905062
2023-12,2023,Total,41.694625951,41.694625951
2023-12,2023,0-15,41.644610062,41.644610062
