Period,Year,Age group,Actual Price,Inflation Adjusted Price
1984-02,1984,0-15,2.997954777,11.26686965
1984-02,1984,65+,2.608323832,9.802564345
1984-02,1984,16-64,3.204965632,12.0448548
1984-03,1984,0-15,2.905409175,10.91906612
1984-03,1984,16-64,3.093186336,11.62476749
1984-03,1984,65+,2.535972468,9.530654511
1984-04,1984,65+,2.474610104,9.300043378
1984-04,1984,16-64,3.106807317,11.67595766
1984-04,1984,0-15,2.945390878,11.06932477
1984-05,1984,16-64,3.092276747,11.62134909
1984-05,1984,65+,2.476097088,9.305631738
1984-05,1984,0-15,2.905012975,10.91757713
1984-06,1984,65+,2.356440995,8.855941964
1984-06,1984,0-15,2.753858428,10.34951033
1984-06,1984,16-64,2.910108476,10.93672697
1984-07,1984,65+,2.33575792,8.778211137
1984-07,1984,0-15,2.652009569,9.966743442
1984-07,1984,16-64,2.811516875,10.56620146
1984-08,1984,65+,2.299712896,8.642747257
1984-08,1984,16-64,2.79317946,10.49728605
1984-08,1984,0-15,2.646364407,9.945527879
1984-09,1984,16-64,2.818464117,10.59231048
1984-09,1984,65+,2.292170633,8.614402035
1984-09,1984,0-15,2.676085568,10.05722551
1984-10,1984,0-15,2.632060053,9.891769464
1984-10,1984,16-64,2.803925898,10.53767316
1984-10,1984,65+,2.278740828,8.563930338
1984-11,1984,65+,2.384926265,8.962994891
1984-11,1984,16-64,2.918335847,10.96764695
1984-11,1984,0-15,2.758785934,10.36802881
1984-12,1984,16-64,2.988432057,11.2310815
1984-12,1984,0-15,2.853773054,10.72500801
1984-12,1984,65+,2.436920282,9.158398042
1985-01,1985,0-15,2.852818183,10.14330278
1985-01,1985,16-64,3.036687708,10.79705783
1985-01,1985,65+,2.427131489,8.629757666
1985-02,1985,16-64,3.040299905,10.80990113
1985-02,1985,0-15,2.854222567,10.14829612
1985-02,1985,65+,2.429164191,8.636985016
1985-03,1985,0-15,2.9061542,10.33294101
1985-03,1985,16-64,3.069928045,10.9152451
1985-03,1985,65+,2.423945553,8.618429953
1985-04,1985,16-64,3.099887969,11.02176874
1985-04,1985,0-15,2.928752827,10.41329128
1985-04,1985,65+,2.438189104,8.669073436
1985-05,1985,0-15,2.926583226,10.40557718
1985-05,1985,65+,2.461670565,8.752562658
1985-05,1985,16-64,3.10281704,11.03218316
1985-06,1985,65+,2.545488367,9.050580015
1985-06,1985,16-64,3.153576825,11.21266149
1985-06,1985,0-15,2.986936641,10.62016603
1985-07,1985,0-15,3.020022218,10.73780304
1985-07,1985,16-64,3.235985895,11.50567006
1985-07,1985,65+,2.658049568,9.450795617
1985-08,1985,65+,2.664244814,9.47282305
1985-08,1985,16-64,3.261983826,11.59810668
1985-08,1985,0-15,3.050947204,10.847758
1985-09,1985,65+,2.707141386,9.625343431
1985-09,1985,0-15,3.087767528,10.97867405
1985-09,1985,16-64,3.276634293,11.65019697
1985-10,1985,16-64,3.280686765,11.66460568
1985-10,1985,0-15,3.053829254,10.85800524
1985-10,1985,65+,2.6911153,9.568362078
1985-11,1985,0-15,3.180470771,11.30828393
1985-11,1985,65+,2.76111583,9.817251606
1985-11,1985,16-64,3.391820869,12.05974719
1985-12,1985,0-15,3.27151885,11.63200882
1985-12,1985,65+,2.814970353,10.00873339
1985-12,1985,16-64,3.45692103,12.29121327
1986-01,1986,65+,2.905338398,9.696568175
1986-01,1986,16-64,3.567408348,11.90622693
1986-01,1986,0-15,3.305938011,11.03356956
1986-02,1986,16-64,3.589061026,11.97849275
1986-02,1986,0-15,3.34328448,11.15821342
1986-02,1986,65+,2.926819152,9.768260202
1986-03,1986,65+,2.944365878,9.826822407
1986-03,1986,16-64,3.653980257,12.19516071
1986-03,1986,0-15,3.432791381,11.45694274
1986-04,1986,0-15,3.402077091,11.35443378
1986-04,1986,16-64,3.631875508,12.1213861
1986-04,1986,65+,2.929642111,9.777681828
1986-05,1986,65+,3.109076096,10.37654283
1986-05,1986,0-15,3.613216209,12.05911068
1986-05,1986,16-64,3.822892355,12.75890491
1986-06,1986,0-15,3.671846296,12.25478862
1986-06,1986,65+,3.208833506,10.70948323
1986-06,1986,16-64,3.90578238,13.03555041
1986-07,1986,65+,3.318081837,11.07409959
1986-07,1986,16-64,3.994822935,13.3327233
1986-07,1986,0-15,3.701774516,12.35467407
1986-08,1986,65+,3.359076193,11.21091827
1986-08,1986,16-64,4.101050608,13.6872582
1986-08,1986,0-15,3.85562909,12.86816378
1986-09,1986,65+,3.356375972,11.20190628
1986-09,1986,16-64,4.117986893,13.74378306
1986-09,1986,0-15,3.855595098,12.86805033
1986-10,1986,16-64,4.126853547,13.77337552
1986-10,1986,0-15,3.833653021,12.79481864
1986-10,1986,65+,3.344200606,11.16127099
1986-11,1986,65+,3.141840274,10.48589329
1986-11,1986,0-15,3.605033791,12.03180186
1986-11,1986,16-64,3.876839821,12.9389546
1986-12,1986,65+,3.188356434,10.641141
1986-12,1986,16-64,3.908498613,13.04461583
1986-12,1986,0-15,3.665654132,12.23412227
1987-01,1987,65+,3.219413918,9.854720231
1987-01,1987,16-64,3.968739496,12.14842776
1987-01,1987,0-15,3.67695518,11.25526743
1987-02,1987,65+,3.185944966,9.75227079
1987-02,1987,0-15,3.659183449,11.20086764
1987-02,1987,16-64,3.96642801,12.14135223
1987-03,1987,0-15,3.7060304,11.34426753
1987-03,1987,16-64,3.989391913,12.21164541
1987-03,1987,65+,3.207892332,9.81945232
1987-04,1987,65+,3.202695165,9.803543639
1987-04,1987,16-64,4.01188606,12.28050065
1987-04,1987,0-15,3.753017648,11.48809687
1987-05,1987,0-15,3.756751236,11.49952549
1987-05,1987,16-64,4.05503815,12.41259046
1987-05,1987,65+,3.267753592,10.00268939
1987-06,1987,65+,3.305795538,10.1191369
1987-06,1987,16-64,4.065103362,12.44340037
1987-06,1987,0-15,3.775006539,11.55540551
1987-07,1987,65+,3.469750446,10.62100767
1987-07,1987,16-64,4.14319116,12.68242941
1987-07,1987,0-15,3.817917148,11.68675614
1987-08,1987,0-15,4.071070355,12.46166551
1987-08,1987,16-64,4.25918333,13.03748484
1987-08,1987,65+,3.462988583,10.60030941
1987-09,1987,65+,3.466127389,10.60991739
1987-09,1987,0-15,4.052904367,12.40605889
1987-09,1987,16-64,4.274834009,13.08539202
1987-10,1987,65+,3.466518568,10.6111148
1987-10,1987,16-64,4.305260651,13.17852886
1987-10,1987,0-15,4.083882936,12.5008852
1987-11,1987,65+,3.652782355,11.1812737
1987-11,1987,16-64,4.562285571,13.96528967
1987-11,1987,0-15,4.343870124,13.29671359
1987-12,1987,0-15,4.447480575,13.61386821
1987-12,1987,16-64,4.62040224,14.14318649
1987-12,1987,65+,3.674856916,11.24884458
1988-01,1988,65+,3.773971262,11.02915548
1988-01,1988,16-64,4.784023754,13.98096015
1988-01,1988,0-15,4.615244814,13.48771602
1988-02,1988,0-15,4.390179505,12.82997909
1988-02,1988,16-64,4.685339081,13.6925614
1988-02,1988,65+,3.767065827,11.00897486
1988-03,1988,0-15,4.452117711,13.01098897
1988-03,1988,16-64,4.711229718,13.7682249
1988-03,1988,65+,3.672918978,10.73383756
1988-04,1988,16-64,4.838575018,14.14038224
1988-04,1988,65+,3.767728752,11.0109122
1988-04,1988,0-15,4.649325384,13.587314
1988-05,1988,65+,3.796719521,11.09563561
1988-05,1988,16-64,4.784466514,13.98225408
1988-05,1988,0-15,4.511559833,13.18470423
1988-06,1988,65+,3.87000381,11.30980359
1988-06,1988,16-64,4.825305044,14.10160171
1988-06,1988,0-15,4.574266218,13.36795906
1988-07,1988,16-64,4.929689705,14.40665826
1988-07,1988,0-15,4.62536599,13.51729442
1988-07,1988,65+,3.99585943,11.67760746
1988-08,1988,16-64,4.874039176,14.24402365
1988-08,1988,0-15,4.515488046,13.19618415
1988-08,1988,65+,3.929492153,11.48365393
1988-09,1988,0-15,4.61109096,13.47557668
1988-09,1988,16-64,4.942812171,14.44500771
1988-09,1988,65+,3.984083107,11.64319201
1988-10,1988,65+,3.979393442,11.62948681
1988-10,1988,0-15,4.687958186,13.70021554
1988-10,1988,16-64,4.983836074,14.56489707
1988-11,1988,0-15,4.931975006,14.41333688
1988-11,1988,16-64,5.302518482,15.49622314
1988-11,1988,65+,4.264609631,12.4630103
1988-12,1988,65+,4.356321541,12.73103166
1988-12,1988,16-64,5.456078987,15.9449925
1988-12,1988,0-15,5.155292252,15.06596523
1989-01,1989,0-15,5.2686325,14.01203816
1989-01,1989,16-64,5.58758199,14.86029099
1989-01,1989,65+,4.456652073,11.85255926
1989-02,1989,0-15,5.160401589,13.72419579
1989-02,1989,16-64,5.560899352,14.78932796
1989-02,1989,65+,4.401449775,11.7057476
1989-03,1989,65+,4.433877677,11.79199028
1989-03,1989,16-64,5.646140041,15.01602735
1989-03,1989,0-15,5.311891367,14.12708602
1989-04,1989,0-15,5.317614827,14.14230768
1989-04,1989,16-64,5.686344915,15.12295305
1989-04,1989,65+,4.442296954,11.81438152
1989-05,1989,65+,4.509556133,11.99325871
1989-05,1989,16-64,5.685349715,15.1203063
1989-05,1989,0-15,5.252247332,13.96846147
1989-06,1989,65+,4.630126324,12.31391765
1989-06,1989,16-64,5.70333391,15.16813564
1989-06,1989,0-15,5.27228123,14.02174203
1989-07,1989,16-64,5.85298423,15.56613379
1989-07,1989,65+,4.894933099,13.0181768
1989-07,1989,0-15,5.375974092,14.29751537
1989-08,1989,16-64,6.035574456,16.05173631
1989-08,1989,65+,5.013572673,13.33370122
1989-08,1989,0-15,5.535304345,14.7212575
1989-09,1989,65+,4.850713385,12.90057355
1989-09,1989,16-64,5.982850688,15.91151635
1989-09,1989,0-15,5.531389702,14.71084643
1989-10,1989,65+,4.844338834,12.88362029
1989-10,1989,16-64,6.068938991,16.14046999
1989-10,1989,0-15,5.627509031,14.96647779
1989-11,1989,65+,4.97079542,13.21993423
1989-11,1989,16-64,6.247280035,16.61477172
1989-11,1989,0-15,5.780485305,15.37332139
1989-12,1989,0-15,6.118159065,16.2713718
1989-12,1989,16-64,6.485218626,17.24757437
1989-12,1989,65+,5.118818629,13.61360504
1990-01,1990,65+,5.107519526,12.57877704
1990-01,1990,16-64,6.501032854,16.01071565
1990-01,1990,0-15,5.985324956,14.74063246
1990-02,1990,0-15,5.950101843,14.65388513
1990-02,1990,16-64,6.493157732,15.99132083
1990-02,1990,65+,5.050032333,12.43719783
1990-03,1990,0-15,5.977474481,14.72129835
1990-03,1990,16-64,6.455462885,15.89848613
1990-03,1990,65+,5.01777122,12.3577453
1990-04,1990,16-64,6.550105705,16.13157205
1990-04,1990,65+,5.043133974,12.42020858
1990-04,1990,0-15,6.133147818,15.10468997
1990-05,1990,16-64,6.518918107,16.05476337
1990-05,1990,65+,5.102218496,12.56572169
1990-05,1990,0-15,6.020187009,14.82649058
1990-06,1990,65+,5.224802182,12.86762026
1990-06,1990,16-64,6.589102794,16.22761392
1990-06,1990,0-15,6.091831241,15.00293568
1990-07,1990,0-15,6.096981028,15.01561856
1990-07,1990,16-64,6.668218168,16.42245892
1990-07,1990,65+,5.33163945,13.13073862
1990-08,1990,0-15,6.067105181,14.94204045
1990-08,1990,65+,5.36909136,13.22297502
1990-08,1990,16-64,6.697417081,16.49436988
1990-09,1990,16-64,6.811756186,16.77596373
1990-09,1990,65+,5.446458589,13.4135147
1990-09,1990,0-15,6.2387258,15.36470697
1990-10,1990,0-15,6.14294913,15.1288286
1990-10,1990,16-64,6.797570863,16.74102818
1990-10,1990,65+,5.349184172,13.17394769
1990-11,1990,0-15,6.393607663,15.74614935
1990-11,1990,65+,5.544720138,13.65551282
1990-11,1990,16-64,7.055356511,17.37590156
1990-12,1990,16-64,7.115791454,17.52474048
1990-12,1990,65+,5.548174513,13.66402024
1990-12,1990,0-15,6.54367549,16.11573575
1991-01,1991,0-15,6.418284187,15.35935338
1991-01,1991,16-64,7.103384658,16.99884143
1991-01,1991,65+,5.496400622,13.15322865
1991-02,1991,0-15,6.410189374,15.33998199
1991-02,1991,16-64,7.090374436,16.96770716
1991-02,1991,65+,5.422952511,12.97746275
1991-03,1991,65+,5.420417617,12.9713966
1991-03,1991,16-64,7.116367795,17.02991089
1991-03,1991,0-15,6.457916326,15.45419556
1991-04,1991,0-15,6.382126765,15.27282642
1991-04,1991,16-64,7.037234406,16.84053976
1991-04,1991,65+,5.330917867,12.75721813
1991-05,1991,65+,5.477721995,13.10852954
1991-05,1991,16-64,7.071489359,16.922514
1991-05,1991,0-15,6.411672408,15.34353098
1991-06,1991,0-15,6.450247226,15.43584292
1991-06,1991,16-64,7.107773041,17.00934311
1991-06,1991,65+,5.493820377,13.14705397
1991-07,1991,65+,5.56757828,13.32356122
1991-07,1991,16-64,7.114892198,17.02637969
1991-07,1991,0-15,6.36391385,15.22924178
1991-08,1991,65+,5.593919324,13.38659698
1991-08,1991,0-15,6.361461548,15.22337327
1991-08,1991,16-64,7.125538679,17.05185738
1991-09,1991,65+,5.558316297,13.30139672
1991-09,1991,16-64,7.164675749,17.14551483
1991-09,1991,0-15,6.421899109,15.36800411
1991-10,1991,65+,5.541738671,13.26172543
1991-10,1991,16-64,7.162547361,17.14042146
1991-10,1991,0-15,6.384346667,15.27813878
1991-11,1991,0-15,6.541015465,15.65305697
1991-11,1991,16-64,7.341267095,17.5681089
1991-11,1991,65+,5.735442497,13.72527073
1991-12,1991,0-15,9.458900916,22.63573839
1991-12,1991,16-64,10.21239105,24.43888715
1991-12,1991,65+,7.513732764,17.98082998
1992-01,1992,0-15,9.338234719,22.37131955
1992-01,1992,65+,7.479443829,17.91827181
1992-01,1992,16-64,10.24515619,24.54400321
1992-02,1992,16-64,10.24710783,24.54867871
1992-02,1992,65+,7.551972453,18.09202639
1992-02,1992,0-15,9.456494398,22.6546306
1992-03,1992,16-64,7.147890586,17.12397998
1992-03,1992,65+,5.367419294,12.85856008
1992-03,1992,0-15,6.429985471,15.40411695
1992-04,1992,65+,5.12099644,12.26821249
1992-04,1992,16-64,7.049745902,16.8888578
1992-04,1992,0-15,6.398466372,15.32860762
1992-05,1992,16-64,7.150069601,17.12920018
1992-05,1992,0-15,6.412853103,15.36307346
1992-05,1992,65+,5.415080464,12.97274047
1992-06,1992,16-64,7.145174252,17.11747255
1992-06,1992,65+,5.41940065,12.98309021
1992-06,1992,0-15,6.344121315,15.19841485
1992-07,1992,16-64,7.164151211,17.16293506
1992-07,1992,65+,5.479018425,13.12591466
1992-07,1992,0-15,6.313810212,15.12579948
1992-08,1992,65+,5.419494379,12.98331475
1992-08,1992,16-64,7.187530869,17.21894498
1992-08,1992,0-15,6.348660146,15.20928838
1992-09,1992,16-64,7.176145915,17.1916704
1992-09,1992,65+,5.402722086,12.94313389
1992-09,1992,0-15,6.273226119,15.02857342
1992-10,1992,65+,5.410136503,12.96089638
1992-10,1992,16-64,7.163680537,17.16180748
1992-10,1992,0-15,6.338751625,15.18555085
1992-11,1992,65+,5.471250902,13.10730625
1992-11,1992,16-64,7.311054427,17.51486654
1992-11,1992,0-15,6.456654967,15.46800823
1992-12,1992,16-64,7.323193348,17.54394738
1992-12,1992,65+,5.504931354,13.18799346
1992-12,1992,0-15,6.556771302,15.70785383
1993-01,1993,16-64,7.362391718,17.37722066
1993-01,1993,0-15,6.488720528,15.31512214
1993-01,1993,65+,5.556305125,13.11437151
1993-02,1993,65+,5.569703745,13.14599585
1993-02,1993,16-64,7.386572407,17.43429358
1993-02,1993,0-15,6.507777355,15.36010137
1993-03,1993,0-15,6.420281669,15.15358807
1993-03,1993,16-64,7.350043346,17.34807519
1993-03,1993,65+,5.385105535,12.71029453
1993-04,1993,0-15,6.449693794,15.22300857
1993-04,1993,16-64,7.345798769,17.33805685
1993-04,1993,65+,5.247198502,12.38479691
1993-05,1993,65+,5.430565254,12.81759167
1993-05,1993,16-64,7.364213627,17.38152086
1993-05,1993,0-15,6.410288977,15.13000263
1993-06,1993,16-64,7.352766832,17.35450335
1993-06,1993,0-15,6.39434353,15.09236709
1993-06,1993,65+,5.449670991,12.86268634
1993-07,1993,16-64,7.380742282,17.42053292
1993-07,1993,65+,5.396172969,12.73641664
1993-07,1993,0-15,6.394798841,15.09344175
1993-08,1993,0-15,6.466751112,15.26326843
1993-08,1993,16-64,7.419454068,17.51190312
1993-08,1993,65+,5.501748129,12.98560236
1993-09,1993,0-15,6.451802023,15.22798456
1993-09,1993,65+,5.468044277,12.90605222
1993-09,1993,16-64,7.455757278,17.59758844
1993-10,1993,65+,5.496237481,12.97259575
1993-10,1993,0-15,6.522236827,15.39422961
1993-10,1993,16-64,7.509031185,17.72332916
1993-11,1993,0-15,6.68184418,15.7709458
1993-11,1993,65+,5.650778185,13.33735329
1993-11,1993,16-64,7.687237982,18.14394504
1993-12,1993,16-64,7.697066851,18.16714381
1993-12,1993,0-15,6.798914733,16.04726373
1993-12,1993,65+,5.585132399,13.18241162
1994-01,1994,65+,5.679290911,13.18141155
1994-01,1994,16-64,7.829038821,18.17089216
1994-01,1994,0-15,6.809797447,15.80527289
1994-02,1994,16-64,7.83781869,18.19126989
1994-02,1994,65+,5.698415831,13.22579973
1994-02,1994,0-15,6.846337091,15.89007997
1994-03,1994,65+,5.55081166,12.88321624
1994-03,1994,0-15,6.831196311,15.85493882
1994-03,1994,16-64,7.801188533,18.10625274
1994-04,1994,0-15,7.030036919,16.31644007
1994-04,1994,16-64,7.862250658,18.24797554
1994-04,1994,65+,5.581820056,12.95518551
1994-05,1994,16-64,7.884639943,18.29994019
1994-05,1994,0-15,6.849149874,15.89660833
1994-05,1994,65+,5.731009291,13.30144788
1994-06,1994,0-15,6.826871228,15.84490047
1994-06,1994,65+,5.836793517,13.54696892
1994-06,1994,16-64,7.898696413,18.3325647
1994-07,1994,16-64,7.937337768,18.42224977
1994-07,1994,0-15,6.89832836,16.01074967
1994-07,1994,65+,5.870160007,13.62441123
1994-08,1994,65+,5.897439159,13.68772508
1994-08,1994,16-64,7.953416697,18.45956834
1994-08,1994,0-15,6.899609282,16.01372264
1994-09,1994,65+,5.865078424,13.61261708
1994-09,1994,0-15,6.87637463,15.95979593
1994-09,1994,16-64,7.967838889,18.49304168
1994-10,1994,65+,5.89610126,13.68461987
1994-10,1994,16-64,8.022991639,18.62104905
1994-10,1994,0-15,6.962766386,16.1603078
1994-11,1994,0-15,7.161691537,16.62200528
1994-11,1994,16-64,8.263020428,19.17814646
1994-11,1994,65+,6.07992753,14.11127343
1994-12,1994,0-15,7.346956918,17.05199897
1994-12,1994,65+,6.068738181,14.08530339
1994-12,1994,16-64,8.292449971,19.24645127
1995-01,1995,0-15,7.294272259,16.61169691
1995-01,1995,16-64,8.402026209,19.13445343
1995-01,1995,65+,6.168802663,14.04859546
1995-02,1995,0-15,7.363045067,16.76831748
1995-02,1995,16-64,8.446248743,19.23516414
1995-02,1995,65+,6.193067566,14.10385543
1995-03,1995,65+,6.025177164,13.72150824
1995-03,1995,16-64,8.432989927,19.20496902
1995-03,1995,0-15,7.327896437,16.68827133
1995-04,1995,16-64,8.443931397,19.22988671
1995-04,1995,65+,6.012448174,13.69251972
1995-04,1995,0-15,7.534221137,17.15814732
1995-05,1995,0-15,7.307441815,16.64168876
1995-05,1995,16-64,8.402958348,19.13657625
1995-05,1995,65+,6.084641867,13.85693088
1995-06,1995,16-64,8.418428905,19.1718083
1995-06,1995,65+,6.182346966,14.07944074
1995-06,1995,0-15,7.299788591,16.6242596
1995-07,1995,16-64,8.536026226,19.43961995
1995-07,1995,65+,6.394262416,14.56204889
1995-07,1995,0-15,7.378018897,16.80241831
1995-08,1995,16-64,8.56170577,19.49810156
1995-08,1995,0-15,7.398488921,16.84903596
1995-08,1995,65+,6.316783227,14.38560074
1995-09,1995,0-15,7.407503337,16.86956505
1995-09,1995,65+,6.344706547,14.44919225
1995-09,1995,16-64,8.559979656,19.49417058
1995-10,1995,16-64,8.637517264,19.67075176
1995-10,1995,0-15,7.414273403,16.88498294
1995-10,1995,65+,6.375594798,14.51953597
1995-11,1995,0-15,7.717423285,17.57536489
1995-11,1995,16-64,8.954579519,20.39281723
1995-11,1995,65+,6.559490038,14.93833196
1995-12,1995,65+,6.595513322,15.02037001
1995-12,1995,0-15,7.843774216,17.86311167
1995-12,1995,16-64,8.983192667,20.45797972
1996-01,1996,16-64,9.063423138,20.25767511
1996-01,1996,65+,6.650951238,14.86555436
1996-01,1996,0-15,7.807212405,17.449916
1996-02,1996,16-64,9.119319,20.38260806
1996-02,1996,65+,6.694325434,14.96250011
1996-02,1996,0-15,7.807796668,17.45122188
1996-03,1996,0-15,7.910375062,17.68049506
1996-03,1996,65+,6.499163356,14.52629296
1996-03,1996,16-64,9.105081148,20.35078501
1996-04,1996,16-64,9.072546645,20.27806708
1996-04,1996,65+,6.36933437,14.23611194
1996-04,1996,0-15,7.954631335,17.77941234
1996-05,1996,65+,6.605645998,14.76429253
1996-05,1996,16-64,9.108650265,20.35876235
1996-05,1996,0-15,7.85002063,17.54559675
1996-06,1996,65+,6.793879787,15.18501424
1996-06,1996,16-64,9.230871174,20.63193855
1996-06,1996,0-15,7.950831918,17.77092026
1996-07,1996,65+,6.811707759,15.22486158
1996-07,1996,0-15,7.852587975,17.55133502
1996-07,1996,16-64,9.188113935,20.53637176
1996-08,1996,16-64,9.220682956,20.60916684
1996-08,1996,65+,6.828355504,15.26207099
1996-08,1996,0-15,7.903662975,17.66549286
1996-09,1996,0-15,7.94977334,17.76855423
1996-09,1996,65+,6.762153304,15.11410232
1996-09,1996,16-64,9.23567616,20.64267818
1996-10,1996,16-64,9.286415717,20.75608627
1996-10,1996,0-15,7.965439269,17.80356918
1996-10,1996,65+,6.695074659,14.96417471
1996-11,1996,65+,6.868743147,15.35234149
1996-11,1996,16-64,9.5059047,21.24666653
1996-11,1996,0-15,8.204497463,18.33788862
1996-12,1996,65+,6.869042163,15.35300982
1996-12,1996,0-15,8.290744211,18.5306589
1996-12,1996,16-64,9.523976013,21.28705776
1997-01,1997,16-64,9.646292837,21.18595077
1997-01,1997,0-15,8.22069939,18.05494976
1997-01,1997,65+,6.992522228,15.35753001
1997-02,1997,65+,7.032193125,15.44465837
1997-02,1997,16-64,9.728883413,21.36734272
1997-02,1997,0-15,8.369192837,18.38108281
1997-03,1997,0-15,8.566211567,18.81379092
1997-03,1997,16-64,9.745090869,21.40293882
1997-03,1997,65+,6.873369443,15.09583724
1997-04,1997,0-15,8.37236439,18.38804843
1997-04,1997,16-64,9.658711965,21.21322664
1997-04,1997,65+,6.725260821,14.77054938
1997-05,1997,65+,6.983351729,15.33738903
1997-05,1997,0-15,8.459440627,18.57929214
1997-05,1997,16-64,9.745540481,21.40392629
1997-06,1997,0-15,8.489731402,18.64581913
1997-06,1997,65+,7.109566987,15.61459296
1997-06,1997,16-64,9.785913037,21.49259569
1997-07,1997,0-15,8.400422154,18.4496711
1997-07,1997,16-64,9.822172499,21.57223159
1997-07,1997,65+,7.156904863,15.71856014
1997-08,1997,65+,7.195623842,15.80359782
1997-08,1997,0-15,8.501717263,18.67214343
1997-08,1997,16-64,9.901290825,21.74599751
1997-09,1997,65+,7.057659881,15.50059047
1997-09,1997,16-64,9.856141568,21.64683714
1997-09,1997,0-15,8.484863134,18.63512706
1997-10,1997,65+,7.059496964,15.50462521
1997-10,1997,16-64,9.918243874,21.78323113
1997-10,1997,0-15,8.512973057,18.69686429
1997-11,1997,65+,7.280130972,15.98919906
1997-11,1997,0-15,8.832047987,19.39764188
1997-11,1997,16-64,10.20507854,22.41320009
1997-12,1997,65+,7.209925234,15.83500767
1997-12,1997,16-64,10.12757773,22.2429867
1997-12,1997,0-15,8.84200417,19.41950843
1998-01,1998,65+,7.352031304,15.70142894
1998-01,1998,0-15,8.81383645,18.82334568
1998-01,1998,16-64,10.22309956,21.83305057
1998-02,1998,16-64,10.31244823,22.02386883
1998-02,1998,0-15,8.88584337,18.97712788
1998-02,1998,65+,7.298959051,15.58808472
1998-03,1998,0-15,8.935926556,19.08408846
1998-03,1998,16-64,10.26429381,21.92102742
1998-03,1998,65+,7.099609418,15.16234196
1998-04,1998,65+,6.973895741,14.89386047
1998-04,1998,0-15,8.918555495,19.04698981
1998-04,1998,16-64,10.14608022,21.66856356
1998-05,1998,0-15,8.876464724,18.95709829
1998-05,1998,16-64,10.26012778,21.91213021
1998-05,1998,65+,7.238800998,15.45960766
1998-06,1998,0-15,8.861436095,18.92500227
1998-06,1998,16-64,10.30680675,22.01182055
1998-06,1998,65+,7.350559791,15.69828629
1998-07,1998,65+,7.40736297,15.81959849
1998-07,1998,16-64,10.34463163,22.09260157
1998-07,1998,0-15,8.803082115,18.80037809
1998-08,1998,65+,7.343774237,15.68379466
1998-08,1998,16-64,10.41145697,22.2353177
1998-08,1998,0-15,8.890440022,18.98694476
1998-09,1998,65+,7.341746357,15.6794638
1998-09,1998,16-64,10.40343172,22.21817849
1998-09,1998,0-15,8.880143103,18.96495405
1998-10,1998,16-64,10.45642579,22.33135573
1998-10,1998,65+,7.377654729,15.75615182
1998-10,1998,0-15,8.952260337,19.11897184
1998-11,1998,0-15,9.20656926,19.66208888
1998-11,1998,16-64,10.64466408,22.73336846
1998-11,1998,65+,7.45790407,15.92753702
1998-12,1998,0-15,9.31870921,19.90158153
1998-12,1998,16-64,10.66303546,22.77260346
1998-12,1998,65+,7.44663235,15.90346447
1999-01,1999,65+,7.549926066,15.70670188
1999-01,1999,16-64,10.81683387,22.50310579
1999-01,1999,0-15,9.306142239,19.36029579
1999-02,1999,16-64,10.91199042,22.7010674
1999-02,1999,65+,7.591176767,15.79251894
1999-02,1999,0-15,9.415928347,19.58869242
1999-03,1999,0-15,9.337734601,19.42601985
1999-03,1999,65+,7.223310567,15.02721811
1999-03,1999,16-64,10.74048625,22.34427385
1999-04,1999,16-64,10.76171476,22.38843718
1999-04,1999,65+,7.372502661,15.33759409
1999-04,1999,0-15,9.463282831,19.68720766
1999-05,1999,65+,7.554409609,15.71602935
1999-05,1999,16-64,10.80661208,22.48184058
1999-05,1999,0-15,9.504890518,19.77376738
1999-06,1999,0-15,9.473656317,19.70878843
1999-06,1999,16-64,10.90220965,22.6807197
1999-06,1999,65+,7.627488282,15.86806063
1999-07,1999,16-64,10.91838602,22.71437266
1999-07,1999,65+,7.657786125,15.9310916
1999-07,1999,0-15,9.484473309,19.73129187
1999-08,1999,16-64,10.98806388,22.85932897
1999-08,1999,0-15,9.572440058,19.91429598
1999-08,1999,65+,7.665082723,15.94627129
1999-09,1999,0-15,9.607625658,19.98749533
1999-09,1999,16-64,10.95905317,22.79897571
1999-09,1999,65+,7.563986028,15.73595192
1999-10,1999,65+,7.624965566,15.86281243
1999-10,1999,0-15,9.725440734,20.23259525
1999-10,1999,16-64,11.05539508,22.99940333
1999-11,1999,0-15,9.726695236,20.23520509
1999-11,1999,16-64,11.18246049,23.26374745
1999-11,1999,65+,7.668636745,15.953665
1999-12,1999,65+,7.781705892,16.18889159
1999-12,1999,16-64,11.21909444,23.33995992
1999-12,1999,0-15,10.00290537,20.80982665
2000-01,2000,65+,7.919178711,15.77812572
2000-01,2000,16-64,11.42598065,22.76505755
2000-01,2000,0-15,9.971428495,19.86701629
2000-02,2000,65+,7.887683835,15.71537552
2000-02,2000,16-64,11.47488646,22.8624972
2000-02,2000,0-15,9.968678799,19.86153781
2000-03,2000,0-15,10.07751916,20.07839072
2000-03,2000,65+,7.704147266,15.34969832
2000-03,2000,16-64,11.41208871,22.73737935
2000-04,2000,0-15,10.28578646,20.49334127
2000-04,2000,65+,7.888925384,15.71784917
2000-04,2000,16-64,11.43887615,22.79075048
2000-05,2000,65+,7.743257215,15.42762075
2000-05,2000,0-15,9.900801298,19.72629907
2000-05,2000,16-64,11.28149728,22.47718974
2000-06,2000,16-64,11.45614937,22.82516554
2000-06,2000,0-15,10.09237242,20.10798426
2000-06,2000,65+,7.865804492,15.67178324
2000-07,2000,0-15,10.09173277,20.10670982
2000-07,2000,16-64,11.52133538,22.95504176
2000-07,2000,65+,7.952302629,15.84412163
2000-08,2000,65+,7.979501756,15.89831301
2000-08,2000,16-64,11.57713745,23.0662215
2000-08,2000,0-15,10.11395652,20.15098829
2000-09,2000,16-64,11.55981365,23.03170566
2000-09,2000,0-15,10.19237956,20.3072379
2000-09,2000,65+,7.990380093,15.91998694
2000-10,2000,0-15,10.22349756,20.36923722
2000-10,2000,16-64,11.66721011,23.24568174
2000-10,2000,65+,7.94648258,15.83252579
2000-11,2000,65+,8.110733152,16.15977768
2000-11,2000,16-64,11.81947167,23.54904678
2000-11,2000,0-15,10.43053623,20.78173988
2000-12,2000,16-64,11.8900709,23.68970828
2000-12,2000,0-15,10.73378279,21.38592656
2000-12,2000,65+,8.253400455,16.44402719
2001-01,2001,65+,8.284329868,15.6065013
2001-01,2001,16-64,12.00727893,22.62000875
2001-01,2001,0-15,10.56824282,19.90906903
2001-02,2001,0-15,10.67116783,20.10296515
2001-02,2001,65+,8.31277009,15.66007864
2001-02,2001,16-64,12.08113487,22.75914287
2001-03,2001,0-15,10.80965392,20.36385327
2001-03,2001,65+,8.154254507,15.36145778
2001-03,2001,16-64,12.04659537,22.69407535
2001-04,2001,65+,8.193780124,15.43591843
2001-04,2001,16-64,12.07222775,22.74236311
2001-04,2001,0-15,11.02987807,20.7787243
2001-05,2001,0-15,10.67685339,20.11367594
2001-05,2001,65+,8.216031948,15.47783771
2001-05,2001,16-64,11.99685993,22.60038084
2001-06,2001,65+,8.346897726,15.72437026
2001-06,2001,16-64,12.14611882,22.88156341
2001-06,2001,0-15,10.87143292,20.48023613
2001-07,2001,0-15,10.80956756,20.36369059
2001-07,2001,65+,8.387366774,15.8006082
2001-07,2001,16-64,12.20963275,23.00121463
2001-08,2001,65+,8.453696439,15.92556387
2001-08,2001,0-15,10.88731092,20.51014804
2001-08,2001,16-64,12.26303345,23.10181397
2001-09,2001,0-15,11.09643974,20.90411705
2001-09,2001,65+,8.459796649,15.9370558
2001-09,2001,16-64,12.30778967,23.18612833
2001-10,2001,0-15,10.98372257,20.69177391
2001-10,2001,16-64,12.32570204,23.21987268
2001-10,2001,65+,8.481167375,15.97731521
2001-11,2001,65+,8.417800829,15.85794164
2001-11,2001,16-64,12.35699682,23.27882762
2001-11,2001,0-15,11.04733039,20.811602
2001-12,2001,65+,8.64075265,16.27795121
2001-12,2001,16-64,12.47071796,23.4930621
2001-12,2001,0-15,11.49111808,21.64763501
2002-01,2002,0-15,11.31469221,20.22267475
2002-01,2002,16-64,12.64472351,22.5998309
2002-01,2002,65+,8.675063762,15.50488423
2002-02,2002,0-15,11.52233916,20.59380077
2002-02,2002,16-64,12.79003727,22.85954923
2002-02,2002,65+,8.739803803,15.62059368
2002-03,2002,0-15,11.64758142,20.81764542
2002-03,2002,65+,8.633312643,15.43026273
2002-03,2002,16-64,12.80671905,22.88936447
2002-04,2002,16-64,12.77533109,22.83326497
2002-04,2002,65+,8.65232242,15.46423878
2002-04,2002,0-15,11.64303661,20.80952252
2002-05,2002,65+,8.874764097,15.86180732
2002-05,2002,16-64,12.86645529,22.99613065
2002-05,2002,0-15,11.57628201,20.69021246
2002-06,2002,0-15,11.93802083,21.33674587
2002-06,2002,16-64,13.06734225,23.35517459
2002-06,2002,65+,9.057495212,16.18840144
2002-07,2002,16-64,13.43284606,24.00843714
2002-07,2002,0-15,12.22823907,21.85545101
2002-07,2002,65+,9.312965573,16.64500193
2002-08,2002,0-15,12.40789492,22.17654873
2002-08,2002,16-64,13.64105934,24.38057535
2002-08,2002,65+,9.387395355,16.77802979
2002-09,2002,16-64,13.6977395,24.48187945
2002-09,2002,65+,9.369562068,16.74615647
2002-09,2002,0-15,12.17030182,21.75190014
2002-10,2002,16-64,13.69710512,24.48074561
2002-10,2002,65+,9.328019261,16.67190729
2002-10,2002,0-15,11.98018751,21.4121101
2002-11,2002,16-64,13.93082758,24.89847623
2002-11,2002,0-15,12.43965147,22.233307
2002-11,2002,65+,9.430156636,16.85445674
2002-12,2002,16-64,13.97804004,24.98285874
2002-12,2002,65+,9.515617777,17.00720087
2002-12,2002,0-15,12.78876929,22.85728298
2003-01,2003,65+,9.555200892,16.16810661
2003-01,2003,16-64,14.13120449,23.91104314
2003-01,2003,0-15,12.49567328,21.14360337
2003-02,2003,65+,9.573061234,16.19832763
2003-02,2003,0-15,12.54992505,21.23540137
2003-02,2003,16-64,14.28068561,24.16397625
2003-03,2003,65+,9.355696064,15.83052969
2003-03,2003,16-64,14.23147337,24.08070551
2003-03,2003,0-15,12.88802648,21.807494
2003-04,2003,16-64,14.23752914,24.09095231
2003-04,2003,0-15,13.04196,22.06796091
2003-04,2003,65+,9.45285479,15.99492944
2003-05,2003,16-64,14.39415884,24.35598136
2003-05,2003,0-15,12.99033156,21.98060176
2003-05,2003,65+,9.646091905,16.32190093
2003-06,2003,0-15,13.16718437,22.2798498
2003-06,2003,16-64,14.5092344,24.55069771
2003-06,2003,65+,9.706550032,16.42420055
2003-07,2003,0-15,13.10769877,22.17919577
2003-07,2003,16-64,14.69307418,24.86176822
2003-07,2003,65+,9.851632104,16.66969015
2003-08,2003,0-15,13.46946918,22.79133806
2003-08,2003,16-64,14.80355625,25.04871205
2003-08,2003,65+,9.949935594,16.83602692
2003-09,2003,16-64,14.82943278,25.09249705
2003-09,2003,65+,9.960525334,16.85394555
2003-09,2003,0-15,13.4359138,22.73455988
2003-10,2003,65+,10.02028357,16.9550609
2003-10,2003,16-64,14.97455664,25.33805735
2003-10,2003,0-15,13.4992543,22.84173669
2003-11,2003,0-15,14.00309179,23.69426698
2003-11,2003,16-64,15.42829906,26.10582309
2003-11,2003,65+,10.36793469,17.5433123
2003-12,2003,65+,10.41121244,17.61654146
2003-12,2003,16-64,15.41925,26.09051142
2003-12,2003,0-15,14.18417993,24.0006815
2004-01,2004,16-64,15.63025461,24.48826607
2004-01,2004,0-15,14.20797438,22.25994813
2004-01,2004,65+,10.58395853,16.58212223
2004-02,2004,0-15,15.35688289,24.05996854
2004-02,2004,16-64,16.16200547,25.32137191
2004-02,2004,65+,11.58923909,18.15711755
2004-03,2004,65+,11.5299223,18.06418463
2004-03,2004,0-15,15.43338054,24.1798191
2004-03,2004,16-64,16.08225568,25.19642616
2004-04,2004,0-15,15.57439487,24.40074938
2004-04,2004,16-64,16.08972638,25.20813066
2004-04,2004,65+,11.67351684,18.28915737
2004-05,2004,65+,11.93043027,18.69166933
2004-05,2004,0-15,15.41200174,24.14632447
2004-05,2004,16-64,16.1827626,25.35389257
2004-06,2004,65+,11.78279125,18.46036001
2004-06,2004,0-15,15.18656752,23.79313167
2004-06,2004,16-64,16.1633248,25.32343894
2004-07,2004,0-15,14.91759489,23.37172631
2004-07,2004,65+,11.83057691,18.53522686
2004-07,2004,16-64,16.20228849,25.38448421
2004-08,2004,16-64,15.99467542,25.05921223
2004-08,2004,0-15,14.48980093,22.70149202
2004-08,2004,65+,11.60385638,18.18001878
2004-09,2004,65+,11.46756596,17.96648957
2004-09,2004,16-64,15.85601331,24.84196723
2004-09,2004,0-15,14.10459968,22.09798871
2004-10,2004,65+,11.21952156,17.57787292
2004-10,2004,0-15,13.78785076,21.60173115
2004-10,2004,16-64,15.70027854,24.59797411
2004-11,2004,0-15,13.31486717,20.86069728
2004-11,2004,65+,11.00931332,17.248535
2004-11,2004,16-64,15.63077577,24.48908257
2004-12,2004,16-64,15.54581194,24.35596787
2004-12,2004,0-15,13.19915093,20.67940209
2004-12,2004,65+,10.92357647,17.11420918
2005-01,2005,16-64,15.64254151,23.29255853
2005-01,2005,0-15,15.70221875,23.38142105
2005-01,2005,65+,12.80382167,19.06555693
2005-02,2005,0-15,15.78698454,23.50764172
2005-02,2005,16-64,15.98268546,23.79905058
2005-02,2005,65+,12.94732953,19.2792476
2005-03,2005,16-64,16.01060882,23.84062992
2005-03,2005,65+,12.93202688,19.25646116
2005-03,2005,0-15,15.85541666,23.60954071
2005-04,2005,16-64,15.92157573,23.70805501
2005-04,2005,0-15,15.6875614,23.3595955
2005-04,2005,65+,12.68872133,18.89416654
2005-05,2005,0-15,15.30519548,22.79023273
2005-05,2005,65+,12.50970218,18.6275977
2005-05,2005,16-64,15.77449351,23.48904192
2005-06,2005,65+,12.28554469,18.29381553
2005-06,2005,0-15,14.86394115,22.13318206
2005-06,2005,16-64,15.65085379,23.30493595
2005-07,2005,16-64,15.59733694,23.22524657
2005-07,2005,0-15,14.52055468,21.62186173
2005-07,2005,65+,12.15179534,18.09465579
2005-08,2005,0-15,14.07009768,20.95110782
2005-08,2005,16-64,15.39567461,22.92496086
2005-08,2005,65+,11.73350681,17.47180238
2005-09,2005,16-64,15.2073288,22.64450415
2005-09,2005,65+,11.44424858,17.04108183
2005-09,2005,0-15,13.5683545,20.2039861
2005-10,2005,65+,11.17524677,16.64052413
2005-10,2005,0-15,13.13857967,19.56402901
2005-10,2005,16-64,15.01276295,22.35478547
2005-11,2005,0-15,12.90151555,19.2110282
2005-11,2005,16-64,15.09511305,22.47740905
2005-11,2005,65+,11.04927694,16.4529485
2005-12,2005,16-64,14.9831487,22.31068831
2005-12,2005,0-15,12.76161229,19.00270496
2005-12,2005,65+,10.9576011,16.31643839
2006-01,2006,0-15,17.93728573,25.89848776
2006-01,2006,16-64,17.69840033,25.55357657
2006-01,2006,65+,14.91752613,21.53845201
2006-02,2006,65+,14.93831932,21.56847396
2006-02,2006,16-64,17.8537386,25.77785946
2006-02,2006,0-15,17.8316407,25.74595373
2006-03,2006,0-15,17.98030931,25.96060673
2006-03,2006,65+,14.84713146,21.43681369
2006-03,2006,16-64,17.84899011,25.77100343
2006-04,2006,0-15,18.33820431,26.47734819
2006-04,2006,16-64,17.89461722,25.83688146
2006-04,2006,65+,14.93143381,21.55853241
2006-05,2006,65+,14.90415136,21.51914105
2006-05,2006,0-15,17.70353622,25.56099195
2006-05,2006,16-64,17.84649497,25.76740085
2006-06,2006,0-15,17.46770618,25.22049219
2006-06,2006,65+,14.82503489,21.40490989
2006-06,2006,16-64,17.8189575,25.72764128
2006-07,2006,0-15,17.39836275,25.1203717
2006-07,2006,16-64,17.87046469,25.80200918
2006-07,2006,65+,14.74426237,21.28828766
2006-08,2006,0-15,16.95957641,24.48683645
2006-08,2006,16-64,17.75726223,25.63856346
2006-08,2006,65+,14.46056099,20.87866958
2006-09,2006,65+,14.24277818,20.56422704
2006-09,2006,16-64,17.66680566,25.50795907
2006-09,2006,0-15,16.66386243,24.05987415
2006-10,2006,65+,13.99798363,20.21078401
2006-10,2006,0-15,16.28830459,23.51763045
2006-10,2006,16-64,17.58243266,25.38613835
2006-11,2006,65+,14.21364628,20.52216538
2006-11,2006,16-64,17.89721623,25.840634
2006-11,2006,0-15,16.32242992,23.5669018
2006-12,2006,0-15,16.42891982,23.72065569
2006-12,2006,65+,14.16815626,20.45648527
2006-12,2006,16-64,17.92596225,25.88213852
2007-01,2007,16-64,19.82332807,28.48135918
2007-01,2007,0-15,20.06396971,28.82710339
2007-01,2007,65+,17.04134154,24.48431301
2007-02,2007,65+,17.12113876,24.59896243
2007-02,2007,16-64,20.04785088,28.80394451
2007-02,2007,0-15,20.15901894,28.9636663
2007-03,2007,0-15,20.17157283,28.98170322
2007-03,2007,65+,17.0473061,24.49288264
2007-03,2007,16-64,20.01497661,28.75671209
2007-04,2007,0-15,20.25353739,29.0994666
2007-04,2007,16-64,19.98849956,28.71867092
2007-04,2007,65+,16.99762141,24.42149768
2007-05,2007,16-64,19.96954213,28.69143365
2007-05,2007,65+,16.95830454,24.36500879
2007-05,2007,0-15,19.70044046,28.30479921
2007-06,2007,0-15,19.40637134,27.88229255
2007-06,2007,16-64,19.8816239,28.56511627
2007-06,2007,65+,16.82879559,24.17893555
2007-07,2007,0-15,19.31349166,27.74884677
2007-07,2007,16-64,19.83156432,28.49319269
2007-07,2007,65+,16.77304096,24.09882954
2007-08,2007,0-15,18.94414547,27.21818503
2007-08,2007,65+,16.32201584,23.45081482
2007-08,2007,16-64,19.70822092,28.31597787
2007-09,2007,0-15,18.42264053,26.46890774
2007-09,2007,16-64,19.61680717,28.18463826
2007-09,2007,65+,16.14753499,23.20012776
2007-10,2007,65+,15.71633454,22.58059633
2007-10,2007,0-15,17.84553694,25.63974855
2007-10,2007,16-64,19.46873698,27.97189698
2007-11,2007,0-15,17.73637237,25.4829053
2007-11,2007,16-64,19.72885026,28.34561727
2007-11,2007,65+,15.77548182,22.66557675
2007-12,2007,65+,15.68514495,22.53578438
2007-12,2007,16-64,19.66861204,28.25906941
2007-12,2007,0-15,17.76014998,25.51706801
2008-01,2008,0-15,22.4697157,30.9059288
2008-01,2008,16-64,22.06093272,30.343669
2008-01,2008,65+,19.3050948,26.55315684
2008-02,2008,0-15,22.47361521,30.91129236
2008-02,2008,65+,19.37846822,26.65407818
2008-02,2008,16-64,22.25458313,30.6100251
2008-03,2008,65+,19.38246983,26.65958219
2008-03,2008,16-64,22.35982426,30.75477882
2008-03,2008,0-15,22.77703122,31.32862535
2008-04,2008,65+,19.03024226,26.17511143
2008-04,2008,16-64,22.06576715,30.35031851
2008-04,2008,0-15,22.12008798,30.42503399
2008-05,2008,65+,18.90020249,25.99624847
2008-05,2008,16-64,21.99178266,30.24855668
2008-05,2008,0-15,21.74030767,29.90266587
2008-06,2008,0-15,21.2391168,29.21330382
2008-06,2008,65+,18.5987298,25.58158842
2008-06,2008,16-64,21.87409621,30.08668508
2008-07,2008,0-15,20.74402021,28.53232414
2008-07,2008,16-64,21.86262126,30.07090187
2008-07,2008,65+,18.40915404,25.32083679
2008-08,2008,0-15,20.58856395,28.31850211
2008-08,2008,16-64,21.76448105,29.9359151
2008-08,2008,65+,18.26337667,25.12032758
2008-09,2008,65+,17.68694573,24.32747671
2008-09,2008,16-64,21.49347951,29.56316653
2008-09,2008,0-15,19.83574114,27.28303336
2008-10,2008,0-15,19.11044802,26.2854303
2008-10,2008,16-64,21.30242788,29.30038493
2008-10,2008,65+,17.21026601,23.67182848
2008-11,2008,16-64,21.53097689,29.61474224
2008-11,2008,0-15,19.12003295,26.29861387
2008-11,2008,65+,17.29290474,23.78549376
2008-12,2008,16-64,21.31397964,29.31627377
2008-12,2008,65+,17.03818186,23.43513564
2008-12,2008,0-15,18.71077991,25.73570754
2009-01,2009,65+,21.67284033,29.20521444
2009-01,2009,0-15,24.71025196,33.29827547
2009-01,2009,16-64,24.33646019,32.79457274
2009-02,2009,0-15,24.51639522,33.03704401
2009-02,2009,65+,21.66388762,29.19315023
2009-02,2009,16-64,24.52958096,33.05481245
2009-03,2009,16-64,24.372739,32.84346021
2009-03,2009,0-15,24.45294734,32.95154488
2009-03,2009,65+,21.39677921,28.83320855
2009-04,2009,16-64,24.18982951,32.59698072
2009-04,2009,0-15,24.16850205,32.56824092
2009-04,2009,65+,21.19063496,28.55541908
2009-05,2009,16-64,24.06344703,32.42667412
2009-05,2009,65+,21.09453373,28.42591797
2009-05,2009,0-15,23.57870809,31.77346465
2009-06,2009,0-15,22.73565645,30.63741125
2009-06,2009,65+,20.42555345,27.52443425
2009-06,2009,16-64,23.78305211,32.04882824
2009-07,2009,65+,20.13000391,27.12616676
2009-07,2009,16-64,23.69841252,31.93477224
2009-07,2009,0-15,22.22981711,29.95576795
2009-08,2009,65+,19.7538058,26.61922137
2009-08,2009,16-64,23.64714161,31.86568217
2009-08,2009,0-15,22.02496706,29.67972247
2009-09,2009,0-15,20.98808852,28.28247782
2009-09,2009,16-64,23.35580395,31.4730904
2009-09,2009,65+,19.19063401,25.86031979
2009-10,2009,65+,18.82748676,25.37096107
2009-10,2009,16-64,23.14283374,31.1861026
2009-10,2009,0-15,20.39864038,27.48816757
2009-11,2009,0-15,20.16376297,27.17165875
2009-11,2009,65+,18.77669218,25.30251289
2009-11,2009,16-64,23.33923053,31.4507569
2009-12,2009,16-64,23.09147871,31.11689918
2009-12,2009,65+,18.47194172,24.89184671
2009-12,2009,0-15,19.67030975,26.50670635
2010-01,2010,16-64,26.5307577,35.27157914
2010-01,2010,65+,23.59466102,31.36815627
2010-01,2010,0-15,26.296347,34.95993951
2010-02,2010,0-15,25.94959775,34.49895028
2010-02,2010,16-64,26.62536308,35.39735321
2010-02,2010,65+,23.410478,31.12329232
2010-03,2010,0-15,25.85967324,34.37939925
2010-03,2010,16-64,26.49461744,35.22353212
2010-03,2010,65+,23.19127246,30.83186735
2010-04,2010,0-15,25.73806254,34.2177227
2010-04,2010,16-64,26.42886073,35.13611121
2010-04,2010,65+,23.03407277,30.62287666
2010-05,2010,0-15,25.30183116,33.63777055
2010-05,2010,16-64,26.13815268,34.74962651
2010-05,2010,65+,22.66592474,30.1334386
2010-06,2010,0-15,24.52700615,32.60767175
2010-06,2010,16-64,25.93528328,34.47991977
2010-06,2010,65+,22.13816489,29.43180304
2010-07,2010,16-64,25.82125612,34.32832522
2010-07,2010,0-15,23.99315234,31.89793451
2010-07,2010,65+,21.89052281,29.10257282
2010-08,2010,0-15,23.39913302,31.10820963
2010-08,2010,65+,21.32315538,28.34828055
2010-08,2010,16-64,25.50598218,33.90918116
2010-09,2010,65+,20.68039831,27.49376079
2010-09,2010,16-64,25.137631,33.41947302
2010-09,2010,0-15,22.69056162,30.16619235
2010-10,2010,65+,20.23423616,26.90060608
2010-10,2010,16-64,24.96512124,33.19012821
2010-10,2010,0-15,22.04668174,29.31017986
2010-11,2010,16-64,25.05512082,33.30977905
2010-11,2010,0-15,21.67749691,28.81936341
2010-11,2010,65+,19.98851592,26.57393087
2010-12,2010,16-64,24.79030726,32.95772003
2010-12,2010,65+,19.59023852,26.04443703
2010-12,2010,0-15,21.18452648,28.16397898
2011-01,2011,0-15,28.15225925,36.79316415
2011-01,2011,16-64,28.36090999,37.06585703
2011-01,2011,65+,25.36406666,33.14917853
2011-02,2011,16-64,28.47127316,37.21009449
2011-02,2011,0-15,27.92718321,36.49900446
2011-02,2011,65+,25.20311909,32.93883057
2011-03,2011,0-15,27.73364868,36.24606747
2011-03,2011,16-64,28.36930261,37.07682564
2011-03,2011,65+,25.0713416,32.766606
2011-04,2011,16-64,28.2651217,36.940668
2011-04,2011,65+,24.80266635,32.41546499
2011-04,2011,0-15,27.85042212,36.39868273
2011-05,2011,0-15,26.6723101,34.85896726
2011-05,2011,16-64,27.94243167,36.5189332
2011-05,2011,65+,24.30600072,31.76635546
2011-06,2011,16-64,27.70036053,36.20256202
2011-06,2011,65+,23.81722865,31.12756228
2011-06,2011,0-15,26.01222752,33.99628245
2011-07,2011,0-15,25.68263062,33.56552082
2011-07,2011,16-64,27.6221893,36.10039733
2011-07,2011,65+,23.57451064,30.81034569
2011-08,2011,65+,22.69108689,29.65576855
2011-08,2011,16-64,27.22956829,35.58726733
2011-08,2011,0-15,24.80527544,32.4188749
2011-09,2011,0-15,23.98193437,31.3428219
2011-09,2011,65+,22.05433981,28.8235817
2011-09,2011,16-64,26.87592549,35.12507928
2011-10,2011,65+,21.57694699,28.19966047
2011-10,2011,0-15,23.21832928,30.34483992
2011-10,2011,16-64,26.65127055,34.83146994
2011-11,2011,65+,21.2938739,27.82970243
2011-11,2011,0-15,22.89430957,29.92136733
2011-11,2011,16-64,26.76679668,34.98245506
2011-12,2011,65+,20.82778621,27.22055626
2011-12,2011,0-15,22.2645772,29.09834824
2011-12,2011,16-64,26.36553251,34.45802899
2012-01,2012,0-15,29.83294761,38.10300914
2012-01,2012,16-64,30.32651528,38.73339987
2012-01,2012,65+,27.10710534,34.62152973
2012-02,2012,0-15,29.79029716,38.04853545
2012-02,2012,65+,27.37765523,34.96707939
2012-02,2012,16-64,30.51241077,38.97082788
2012-03,2012,16-64,30.30583404,38.70698552
2012-03,2012,65+,26.95018394,34.42110778
2012-03,2012,0-15,29.70453278,37.93899614
2012-04,2012,65+,26.69215743,34.09155313
2012-04,2012,16-64,30.124937,38.4759416
2012-04,2012,0-15,29.41542259,37.56974103
2012-05,2012,0-15,28.51474396,36.41938316
2012-05,2012,65+,26.14712869,33.3954357
2012-05,2012,16-64,29.78403703,38.04053995
2012-06,2012,0-15,27.94708187,35.69435813
2012-06,2012,16-64,29.46480863,37.63281749
2012-06,2012,65+,25.68966656,32.81115941
2012-07,2012,0-15,27.22377375,34.77054006
2012-07,2012,16-64,29.30691587,37.4311549
2012-07,2012,65+,25.27257789,32.27844861
2012-08,2012,16-64,28.9842984,37.01910389
2012-08,2012,0-15,26.39727157,33.71492127
2012-08,2012,65+,24.47674455,31.26200044
2012-09,2012,16-64,28.75256212,36.72312745
2012-09,2012,0-15,25.67237213,32.78907075
2012-09,2012,65+,23.82364979,30.42785975
2012-10,2012,65+,23.06279976,29.45609269
2012-10,2012,16-64,28.43040488,36.31166424
2012-10,2012,0-15,24.75208863,31.61367329
2012-11,2012,16-64,28.28251402,36.12277621
2012-11,2012,65+,22.61571352,28.88506862
2012-11,2012,0-15,24.34800905,31.09757787
2012-12,2012,0-15,23.9630378,30.60588783
2012-12,2012,16-64,27.90087165,35.63533786
2012-12,2012,65+,22.04725593,28.15902757
2013-01,2013,65+,28.82097567,36.17146635
2013-01,2013,16-64,31.95162528,40.10055566
2013-01,2013,0-15,31.04443662,38.96199794
2013-02,2013,65+,28.92681365,36.30429721
2013-02,2013,16-64,32.16663433,40.37040052
2013-02,2013,0-15,31.26673884,39.24099603
2013-03,2013,0-15,31.31548378,39.30217287
2013-03,2013,16-64,31.98087784,40.13726877
2013-03,2013,65+,28.44438383,35.69882868
2013-04,2013,0-15,30.49488183,38.2722849
2013-04,2013,16-64,31.61699495,39.68058133
2013-04,2013,65+,27.97198376,35.10594787
2013-05,2013,65+,27.65258203,34.70508605
2013-05,2013,16-64,31.52365194,39.56343215
2013-05,2013,0-15,29.85340827,37.46721017
2013-06,2013,0-15,29.32116051,36.79921814
2013-06,2013,16-64,31.30211929,39.28539989
2013-06,2013,65+,27.24865479,34.19814135
2013-07,2013,0-15,28.56083244,35.84497629
2013-07,2013,65+,26.39420023,33.12576703
2013-07,2013,16-64,31.01874522,38.92975421
2013-08,2013,65+,25.87244728,32.4709464
2013-08,2013,16-64,30.77769593,38.62722781
2013-08,2013,0-15,28.17548942,35.36135554
2013-09,2013,65+,25.04465209,31.43203064
2013-09,2013,16-64,30.33740547,38.07464583
2013-09,2013,0-15,27.27250826,34.2280784
2013-10,2013,0-15,26.55027711,33.32164969
2013-10,2013,65+,24.28829157,30.48276822
2013-10,2013,16-64,30.11753673,37.79870186
2013-11,2013,0-15,26.17647222,32.85250975
2013-11,2013,16-64,30.12721041,37.8108427
2013-11,2013,65+,24.10831634,30.25689217
2013-12,2013,16-64,29.51700715,37.04501343
2013-12,2013,65+,23.25760998,29.189222
2013-12,2013,0-15,25.21911476,31.65098821
2014-01,2014,0-15,32.82998604,40.76584979
2014-01,2014,16-64,33.92411575,42.12445918
2014-01,2014,65+,30.70746551,38.1302607
2014-02,2014,0-15,33.08267581,41.07962127
2014-02,2014,65+,30.66525573,38.07784771
2014-02,2014,16-64,34.16990531,42.42966249
2014-03,2014,0-15,32.91712193,40.87404869
2014-03,2014,16-64,33.87984739,42.06949001
2014-03,2014,65+,30.23427984,37.54269371
2014-04,2014,16-64,33.58499306,41.7033617
2014-04,2014,65+,29.71935847,36.90330242
2014-04,2014,0-15,32.2363891,40.02876499
2014-05,2014,65+,29.10740775,36.14342725
2014-05,2014,16-64,33.34073524,41.4000604
2014-05,2014,0-15,31.44207312,39.04244213
2014-06,2014,0-15,30.78773186,38.22992952
2014-06,2014,16-64,32.9385725,40.90068442
2014-06,2014,65+,28.46923441,35.35099077
2014-07,2014,0-15,29.61680784,36.77596263
2014-07,2014,65+,27.42107568,34.04946475
2014-07,2014,16-64,32.25780208,40.05535404
2014-08,2014,65+,26.83454833,33.32115844
2014-08,2014,16-64,31.99086462,39.72389084
2014-08,2014,0-15,29.21327023,36.27487945
2014-09,2014,65+,25.80358855,32.04098879
2014-09,2014,16-64,31.57282355,39.20479835
2014-09,2014,0-15,28.31605553,35.16078456
2014-10,2014,0-15,27.69807271,34.39341918
2014-10,2014,16-64,31.32738789,38.90003448
2014-10,2014,65+,25.06922214,31.12910687
2014-11,2014,16-64,31.21987032,38.76652711
2014-11,2014,0-15,27.37775722,33.99567509
2014-11,2014,65+,24.6908249,30.65924116
2014-12,2014,65+,23.66976672,29.39136658
2014-12,2014,16-64,30.45198586,37.81302496
2014-12,2014,0-15,26.30506222,32.66368172
2015-01,2015,16-64,34.89251867,43.08425137
2015-01,2015,65+,31.73886276,39.19021021
2015-01,2015,0-15,33.86122813,41.81084427
2015-02,2015,65+,31.99826613,39.51051383
2015-02,2015,0-15,34.12192746,42.13274811
2015-02,2015,16-64,35.19446761,43.457089
2015-03,2015,65+,31.60422613,39.02396487
2015-03,2015,16-64,35.09655086,43.3361843
2015-03,2015,0-15,33.93656916,41.90387316
2015-04,2015,16-64,34.85368535,43.03630114
2015-04,2015,0-15,33.6189908,41.51173678
2015-04,2015,65+,30.81529636,38.0498177
2015-05,2015,65+,30.62206875,37.81122595
2015-05,2015,16-64,34.67491897,42.81556569
2015-05,2015,0-15,33.14668301,40.92854507
2015-06,2015,65+,29.88520957,36.901374
2015-06,2015,16-64,34.4014018,42.47783477
2015-06,2015,0-15,32.41156618,40.02084452
2015-07,2015,0-15,32.15220837,39.70059717
2015-07,2015,16-64,34.40161099,42.47809307
2015-07,2015,65+,29.29821449,36.17656982
2015-08,2015,0-15,31.93715234,39.43505233
2015-08,2015,16-64,34.19407636,42.22183545
2015-08,2015,65+,28.78178045,35.53889232
2015-09,2015,0-15,30.97778326,38.25045173
2015-09,2015,16-64,33.93566709,41.90275931
2015-09,2015,65+,27.84889794,34.38699655
2015-10,2015,16-64,34.00236292,41.98511334
2015-10,2015,0-15,30.75313417,37.97306166
2015-10,2015,65+,27.32817169,33.74401916
2015-11,2015,65+,26.98840652,33.32448717
2015-11,2015,16-64,33.97489471,41.95119641
2015-11,2015,0-15,30.390826,37.52569424
2015-12,2015,65+,26.05982037,32.17789642
2015-12,2015,16-64,33.42716708,41.27487851
2015-12,2015,0-15,29.67336861,36.63979904
2016-01,2016,16-64,36.59967764,44.86713389
2016-01,2016,65+,33.39044111,40.93296685
2016-01,2016,0-15,35.50303753,43.52277508
2016-02,2016,0-15,35.62435807,43.67150057
2016-02,2016,65+,33.27476558,40.79116151
2016-02,2016,16-64,36.8774907,45.20770179
2016-03,2016,0-15,35.60971869,43.65355431
2016-03,2016,16-64,36.86027663,45.18659926
2016-03,2016,65+,33.17906816,40.67384712
2016-04,2016,0-15,35.42361826,43.42541589
2016-04,2016,16-64,36.63113245,44.90569398
2016-04,2016,65+,32.61942485,39.98778667
2016-05,2016,0-15,34.88298214,42.76265614
2016-05,2016,16-64,36.37152774,44.58744748
2016-05,2016,65+,32.06266534,39.30526144
2016-06,2016,65+,31.43163743,38.53169141
2016-06,2016,0-15,34.18973123,41.91280764
2016-06,2016,16-64,36.07802288,44.22764317
2016-07,2016,65+,30.94137448,37.93068357
2016-07,2016,16-64,36.03800849,44.17858997
2016-07,2016,0-15,34.08588937,41.78550907
2016-08,2016,16-64,35.72422436,43.79392553
2016-08,2016,0-15,33.37552651,40.9146832
2016-08,2016,65+,30.10546734,36.90595438
2016-09,2016,0-15,32.75812969,40.15782338
2016-09,2016,65+,29.32572331,35.95007494
2016-09,2016,16-64,35.52633263,43.55133229
2016-10,2016,0-15,32.40544637,39.72547286
2016-10,2016,65+,28.83046454,35.34294277
2016-10,2016,16-64,35.48235085,43.49741551
2016-11,2016,16-64,35.63036545,43.67886495
2016-11,2016,0-15,31.84228605,39.03510094
2016-11,2016,65+,28.3051571,34.69897428
2016-12,2016,65+,27.5794535,33.80934238
2016-12,2016,0-15,31.26839811,38.33157816
2016-12,2016,16-64,35.16273334,43.1056
2017-01,2017,0-15,36.64868264,44.51976711
2017-01,2017,16-64,38.36248804,46.60164869
2017-01,2017,65+,34.86697163,42.35539575
2017-02,2017,65+,35.0839279,42.61894799
2017-02,2017,0-15,37.07971887,45.04337754
2017-02,2017,16-64,38.76237399,47.08741865
2017-03,2017,0-15,37.17296758,45.1566534
2017-03,2017,16-64,38.61644237,46.91014511
2017-03,2017,65+,34.73915588,42.20012885
2017-04,2017,16-64,38.42777158,46.68095325
2017-04,2017,65+,34.1652125,41.50291891
2017-04,2017,0-15,36.97008642,44.91019919
2017-05,2017,16-64,38.17082638,46.3688236
2017-05,2017,0-15,36.37499976,44.187305
2017-05,2017,65+,33.55908481,40.7666124
2017-06,2017,16-64,37.78131434,45.89565557
2017-06,2017,0-15,35.45113373,43.06501909
2017-06,2017,65+,32.716695,39.74330145
2017-07,2017,65+,32.37862861,39.33262811
2017-07,2017,0-15,35.26040046,42.83332179
2017-07,2017,16-64,37.73109597,45.83465173
2017-08,2017,65+,31.61345209,38.40311365
2017-08,2017,16-64,37.38013096,45.40830951
2017-08,2017,0-15,34.71115103,42.16610936
2017-09,2017,65+,30.7543341,37.35948179
2017-09,2017,16-64,37.1106757,45.08098301
2017-09,2017,0-15,34.22401521,41.57435075
2017-10,2017,65+,30.17405121,36.6545708
2017-10,2017,0-15,33.33386825,40.49302579
2017-10,2017,16-64,37.23641413,45.23372644
2017-11,2017,16-64,37.20326674,45.19345995
2017-11,2017,0-15,33.20332106,40.33444081
2017-11,2017,65+,29.62227018,35.98428306
2017-12,2017,65+,28.77447467,34.95440542
2017-12,2017,16-64,36.76097716,44.65617926
2017-12,2017,0-15,32.5143261,39.49746953
2018-01,2018,65+,36.70879295,44.12047513
2018-01,2018,0-15,38.33616926,46.07642656
2018-01,2018,16-64,40.05656339,48.14417655
2018-02,2018,16-64,40.48636596,48.66075833
2018-02,2018,65+,36.95917556,44.42141119
2018-02,2018,0-15,38.77650471,46.60566786
2018-03,2018,0-15,38.78216225,46.61246767
2018-03,2018,16-64,40.26085077,48.38971053
2018-03,2018,65+,36.83197576,44.26852913
2018-04,2018,65+,35.90895332,43.15914402
2018-04,2018,0-15,38.10321148,45.79643347
2018-04,2018,16-64,39.96784478,48.03754523
2018-05,2018,16-64,39.6293722,47.6307334
2018-05,2018,65+,35.16201156,42.26139112
2018-05,2018,0-15,37.09523294,44.58493921
2018-06,2018,0-15,36.53516035,43.91178527
2018-06,2018,16-64,39.28384188,47.21543884
2018-06,2018,65+,34.67481591,41.67582832
2018-07,2018,65+,33.56168003,40.33794494
2018-07,2018,16-64,38.76488353,46.5917003
2018-07,2018,0-15,35.94569737,43.20330687
2018-08,2018,0-15,35.62169335,42.81388488
2018-08,2018,65+,32.76440625,39.37969774
2018-08,2018,16-64,38.64187727,46.44385848
2018-09,2018,16-64,38.43031824,46.18958466
2018-09,2018,65+,31.99399928,38.45374189
2018-09,2018,0-15,34.99433659,42.05986176
2018-10,2018,16-64,38.13993216,45.84056823
2018-10,2018,0-15,34.32852525,41.25961991
2018-10,2018,65+,31.15240191,37.44222196
2018-11,2018,65+,30.73991894,36.94645669
2018-11,2018,16-64,38.17651315,45.88453511
2018-11,2018,0-15,33.79549607,40.61896957
2018-12,2018,0-15,33.22724331,39.93598383
2018-12,2018,65+,29.69460916,35.69009383
2018-12,2018,16-64,37.58554947,45.17425301
2019-01,2019,0-15,39.29485699,46.47071464
2019-01,2019,16-64,41.19529056,48.71819722
2019-01,2019,65+,37.93985314,44.86826583
2019-02,2019,16-64,41.60693345,49.20501256
2019-02,2019,0-15,39.53602359,46.75592205
2019-02,2019,65+,38.37304238,45.38056222
2019-03,2019,16-64,41.34007055,48.8894163
2019-03,2019,0-15,39.56118448,46.78567771
2019-03,2019,65+,38.06631901,45.01782634
2019-04,2019,16-64,41.06623853,48.56557826
2019-04,2019,65+,36.98894354,43.74370521
2019-04,2019,0-15,38.97665375,46.0944025
2019-05,2019,0-15,37.96380252,44.89658874
2019-05,2019,65+,36.23044111,42.84668832
2019-05,2019,16-64,40.62678393,48.04587234
2019-06,2019,16-64,40.31640932,47.67881846
2019-06,2019,65+,35.81926023,42.36041936
2019-06,2019,0-15,37.69921548,44.58368395
2019-07,2019,65+,34.32218927,40.58995975
2019-07,2019,16-64,39.80095532,47.06923447
2019-07,2019,0-15,36.64452951,43.33639576
2019-08,2019,0-15,36.5484807,43.22280694
2019-08,2019,16-64,39.71119297,46.96308011
2019-08,2019,65+,33.59147372,39.72580406
2019-09,2019,0-15,35.91205342,42.47015804
2019-09,2019,16-64,39.33148424,46.51403061
2019-09,2019,65+,32.83503778,38.83123105
2019-10,2019,65+,32.10082232,37.96293633
2019-10,2019,0-15,35.18971396,41.61590807
2019-10,2019,16-64,39.25758133,46.42663186
2019-11,2019,65+,31.46786016,37.21438534
2019-11,2019,16-64,39.17620441,46.33039424
2019-11,2019,0-15,34.85720644,41.22267945
2019-12,2019,65+,30.22290342,35.74207996
2019-12,2019,16-64,38.40605359,45.41960179
2019-12,2019,0-15,33.98195168,40.18758944
2020-01,2020,0-15,40.11526711,45.7728115
2020-01,2020,16-64,42.04903892,47.9793074
2020-01,2020,65+,38.60892211,44.05402335
2020-02,2020,0-15,40.18400415,45.85124267
2020-02,2020,65+,38.69534059,44.15262962
2020-02,2020,16-64,42.41768488,48.39994431
2020-03,2020,16-64,41.74253329,47.62957461
2020-03,2020,0-15,39.99601363,45.63673944
2020-03,2020,65+,38.35440845,43.76361507
2020-04,2020,65+,39.11015265,44.62594353
2020-04,2020,16-64,42.53295038,48.53146595
2020-04,2020,0-15,38.55962666,43.99777565
2020-05,2020,0-15,39.37138759,44.92402101
2020-05,2020,16-64,43.02344095,49.09113149
2020-05,2020,65+,39.92150456,45.55172219
2020-06,2020,0-15,39.73653159,45.34066207
2020-06,2020,16-64,42.8888369,48.93754393
2020-06,2020,65+,38.94610728,44.43876248
2020-07,2020,65+,37.61950804,42.92507003
2020-07,2020,0-15,39.70802841,45.30813903
2020-07,2020,16-64,42.23539106,48.19194119
2020-08,2020,0-15,39.76467995,45.37278026
2020-08,2020,16-64,42.15185197,48.09662041
2020-08,2020,65+,36.89017055,42.09287247
2020-09,2020,16-64,41.96703876,47.88574258
2020-09,2020,0-15,38.85589215,44.33582411
2020-09,2020,65+,36.11378202,41.20698817
2020-10,2020,0-15,37.2606346,42.51558388
2020-10,2020,65+,34.41521569,39.26886929
2020-10,2020,16-64,40.75377485,46.50136939
2020-11,2020,16-64,40.473349,46.18139447
2020-11,2020,0-15,36.79541813,41.98475691
2020-11,2020,65+,33.76069125,38.52203582
2020-12,2020,65+,32.46986362,37.04915993
2020-12,2020,16-64,39.65862183,45.25176453
2020-12,2020,0-15,35.79091961,40.83859175
2021-01,2021,0-15,41.57451388,46.24384448
2021-01,2021,16-64,43.37215254,48.24338013
2021-01,2021,65+,40.38261698,44.91808286
2021-02,2021,0-15,41.79172127,46.48544694
2021-02,2021,16-64,43.99650848,48.93785894
2021-02,2021,65+,40.59170119,45.15064981
2021-03,2021,0-15,41.52154662,46.18492834
2021-03,2021,16-64,43.69682372,48.60451588
2021-03,2021,65+,40.26283764,44.78485082
2021-04,2021,0-15,41.10484414,45.72142504
2021-04,2021,16-64,43.27825376,48.13893536
2021-04,2021,65+,39.36394906,43.78500597
2021-05,2021,65+,38.68171334,43.02614676
2021-05,2021,16-64,42.96019912,47.78515926
2021-05,2021,0-15,40.38657568,44.92248617
2021-06,2021,16-64,42.50563694,47.27954414
2021-06,2021,0-15,39.939469,44.4251639
2021-06,2021,65+,37.82264489,42.07059433
2021-07,2021,0-15,39.67028595,44.12574827
2021-07,2021,65+,36.90769181,41.05288074
2021-07,2021,16-64,42.2458162,46.99054233
2021-08,2021,0-15,39.06042464,43.44739202
2021-08,2021,16-64,42.03017944,46.7506869
2021-08,2021,65+,36.23595907,40.30570413
2021-09,2021,65+,35.3638785,39.33567816
2021-09,2021,16-64,41.92341719,46.63193394
2021-09,2021,0-15,38.72676711,43.07626063
2021-10,2021,0-15,38.60098726,42.93635415
2021-10,2021,65+,34.9563145,38.8823397
2021-10,2021,16-64,41.9149853,46.62255504
2021-11,2021,0-15,38.31811652,42.62171354
2021-11,2021,16-64,41.67038224,46.35048004
2021-11,2021,65+,34.41140875,38.27623431
2021-12,2021,0-15,37.6543032,41.8833458
2021-12,2021,16-64,40.74387549,45.31991515
2021-12,2021,65+,33.01485998,36.72283589
2022-01,2022,0-15,44.08205534,47.47758807
2022-01,2022,16-64,45.07087006,48.54256876
2022-01,2022,65+,42.09705442,45.33968739
2022-02,2022,65+,42.61815466,45.90092671
2022-02,2022,16-64,45.82346417,49.35313335
2022-02,2022,0-15,44.44412572,47.86754785
2022-03,2022,0-15,44.2000457,47.60466694
2022-03,2022,65+,42.28582774,45.54300146
2022-03,2022,16-64,45.42769731,48.92688155
2022-04,2022,0-15,44.09968122,47.49657163
2022-04,2022,16-64,44.99114878,48.45670675
2022-04,2022,65+,41.5722089,44.77441431
2022-05,2022,65+,40.69816415,43.83304404
2022-05,2022,16-64,44.46729516,47.89250197
2022-05,2022,0-15,42.63915511,45.92354478
2022-06,2022,65+,39.95202824,43.0294351
2022-06,2022,16-64,43.96285703,47.34920821
2022-06,2022,0-15,41.94958957,45.18086369
2022-07,2022,65+,38.70641989,41.68788059
2022-07,2022,16-64,43.42874494,46.77395477
2022-07,2022,0-15,40.76414081,43.90410271
2022-08,2022,65+,37.89902626,40.81829541
2022-08,2022,0-15,40.14683114,43.23924319
2022-08,2022,16-64,43.29695301,46.63201123
2022-09,2022,65+,36.91270806,39.75600353
2022-09,2022,0-15,39.88285127,42.9549296
2022-09,2022,16-64,42.73689259,46.02881073
2022-10,2022,16-64,42.21078044,45.46217345
2022-10,2022,65+,36.34810989,39.14791575
2022-10,2022,0-15,39.54133355,42.5871056
2022-11,2022,0-15,38.88436964,41.87953738
2022-11,2022,16-64,41.92387065,45.15316371
2022-11,2022,65+,35.63944254,38.38466149
2022-12,2022,65+,34.12581116,36.7544388
2022-12,2022,16-64,41.04164685,44.20298436
2022-12,2022,0-15,38.03223778,40.96176789
2023-01,2023,0-15,43.79588757,43.79588757
2023-01,2023,65+,41.74820056,41.74820056
2023-01,2023,16-64,44.8345272,44.8345272
2023-02,2023,65+,42.28584276,42.28584276
2023-02,2023,0-15,44.09583053,44.09583053
2023-02,2023,16-64,45.57486203,45.57486203
2023-03,2023,65+,41.82087162,41.82087162
2023-03,2023,16-64,45.149372,45.149372
2023-03,2023,0-15,43.96119436,43.96119436
2023-04,2023,16-64,44.50983957,44.50983957
2023-04,2023,0-15,43.83184237,43.83184237
2023-04,2023,65+,40.82688745,40.82688745
2023-05,2023,65+,40.24207312,40.24207312
2023-05,2023,16-64,44.32473353,44.32473353
2023-05,2023,0-15,42.94926661,42.94926661
2023-06,2023,65+,39.4213275,39.4213275
2023-06,2023,16-64,43.93796333,43.93796333
2023-06,2023,0-15,42.41086001,42.41086001
2023-07,2023,65+,38.40767683,38.40767683
2023-07,2023,16-64,43.25281335,43.25281335
2023-07,2023,0-15,41.56093285,41.56093285
2023-08,2023,0-15,41.14628343,41.14628343
2023-08,2023,16-64,43.45737578,43.45737578
2023-08,2023,65+,37.81505121,37.81505121
2023-09,2023,16-64,43.18997751,43.18997751
2023-09,2023,0-15,40.45802095,40.45802095
2023-09,2023,65+,37.17674553,37.17674553
2023-10,2023,0-15,39.93624962,39.93624962
2023-10,2023,16-64,42.87618077,42.87618077
2023-10,2023,65+,36.35345142,36.35345142
2023-11,2023,65+,38.42220434,38.42220434
2023-11,2023,16-64,43.36060741,43.36060741
2023-11,2023,0-15,41.9291443,41.9291443
2023-12,2023,16-64,42.87326052,42.87326052
2023-12,2023,65+,37.42490506,37.42490506
2023-12,2023,0-15,41.64461006,41.64461006
